OverallQual,GrLivArea,GarageCars,TotalBsmtSF,FullBath,YearBuilt,LotArea,Neighborhood,HouseStyle,CentralAir,SalePrice
7,1488,0,1995,2,1995,7988,Rural,1Story,Y,308379.0
4,777,2,1705,3,1995,15777,Uptown,1Story,Y,266415.0
8,1719,3,1722,3,1965,7578,Suburb,1Story,Y,371517.0
5,3463,2,2222,1,1973,17051,Uptown,SplitLevel,Y,449203.0
7,2387,2,1697,3,2010,5845,Rural,2Story,Y,316732.0
10,983,2,1444,2,2003,13882,Uptown,Bungalow,N,385455.0
3,1765,0,1759,3,2011,16247,Suburb,1Story,Y,292420.0
7,3895,3,1524,1,1950,13484,Suburb,2Story,Y,445892.0
8,1230,1,664,3,1998,2378,Suburb,SplitLevel,Y,315785.0
5,2739,0,32,2,1974,5293,Uptown,1Story,Y,331274.0
4,1540,0,2102,2,1959,13630,Rural,SplitLevel,Y,244395.0
8,3071,0,2059,1,1965,15660,Suburb,2Story,N,436917.0
8,1417,1,1551,3,2007,18608,Riverside,1Story,Y,394151.0
3,2948,3,719,3,2021,2737,Downtown,1Story,Y,386525.0
6,4477,3,2420,3,1978,18619,Riverside,1Story,Y,524600.0
5,1385,3,483,2,1955,14470,Riverside,1Story,Y,292780.0
2,3252,2,972,1,1965,19095,Riverside,2Story,Y,363209.0
8,521,2,306,3,1969,18117,Uptown,1Story,Y,305431.0
6,973,2,456,2,2020,16779,Suburb,Bungalow,Y,310117.0
2,3691,1,2207,2,1992,19643,Suburb,Bungalow,Y,396247.0
5,2757,2,330,2,1975,9271,Uptown,SplitLevel,Y,385285.0
1,2853,1,224,3,2020,19132,Suburb,1Story,Y,281083.0
10,3841,3,1479,3,1982,14178,Downtown,Bungalow,N,562382.0
6,1203,2,1082,3,1975,16490,Uptown,Bungalow,Y,324138.0
9,1186,2,643,3,1994,15863,Suburb,Bungalow,Y,363177.0
1,784,0,615,3,2012,3823,Riverside,2Story,Y,160676.0
10,1215,1,194,3,2016,8852,Uptown,1Story,N,339669.0
3,4247,3,488,3,2001,15072,Uptown,2Story,N,438926.0
7,1262,0,2204,3,2017,13133,Uptown,2Story,Y,352792.0
4,1750,0,1249,3,1975,17111,Riverside,Bungalow,Y,293336.0
9,1447,3,2459,2,1951,8519,Uptown,Bungalow,Y,392451.0
3,2928,0,1102,3,1963,3777,Rural,SplitLevel,Y,277504.0
5,3007,1,1147,1,1979,19606,Suburb,1Story,Y,354281.0
3,1530,1,1241,2,1998,16772,Riverside,1Story,Y,275615.0
7,528,2,515,3,1961,15621,Uptown,Bungalow,Y,276641.0
5,1406,0,1625,1,1993,13859,Suburb,Bungalow,N,261381.0
9,3604,2,1127,3,1982,11496,Downtown,1Story,Y,526911.0
7,4217,0,392,1,1962,9490,Rural,SplitLevel,Y,408381.0
2,3426,1,630,1,1975,10893,Downtown,Bungalow,Y,345278.0
4,2626,1,1847,1,1970,4989,Riverside,SplitLevel,Y,350371.0
9,4499,1,979,1,1977,10343,Riverside,2Story,Y,507049.0
2,3494,0,433,2,1997,19709,Downtown,Bungalow,Y,344695.0
10,3006,1,277,2,1989,13914,Rural,2Story,Y,394396.0
9,1069,0,232,1,2015,10998,Downtown,Bungalow,Y,325301.0
10,2506,2,1552,3,2022,4722,Uptown,2Story,Y,454860.0
5,4109,0,1594,1,1972,6656,Suburb,Bungalow,Y,439776.0
2,4053,2,1113,2,1997,19709,Rural,SplitLevel,Y,341585.0
4,1953,0,2409,3,1951,6133,Suburb,SplitLevel,Y,310156.0
7,1237,2,25,2,1969,3242,Downtown,SplitLevel,Y,309721.0
8,3856,1,1417,2,2008,10539,Suburb,2Story,Y,481998.0
3,1015,2,2314,3,1995,3831,Downtown,SplitLevel,Y,273766.0
1,2500,1,460,1,1952,19953,Rural,2Story,Y,224111.0
4,3670,1,1091,1,2004,9246,Downtown,Bungalow,Y,401030.0
2,2944,2,1006,1,1961,5232,Suburb,2Story,Y,306029.0
8,4060,0,1994,1,1989,5758,Riverside,Bungalow,N,494600.0
4,538,0,490,3,2015,7997,Uptown,1Story,Y,219863.0
2,3842,3,1072,3,1965,12972,Riverside,1Story,Y,392668.0
6,1386,0,215,3,1983,17368,Riverside,1Story,Y,304973.0
6,3344,3,1723,2,1993,3824,Downtown,2Story,Y,464740.0
10,2704,0,1592,3,1955,12683,Downtown,1Story,Y,490447.0
4,1598,0,158,1,2013,6060,Rural,1Story,Y,220978.0
6,3431,1,685,2,1971,2404,Riverside,1Story,Y,395878.0
2,2323,3,1776,1,1967,13017,Riverside,Bungalow,Y,303752.0
10,3701,0,2052,1,1961,5845,Downtown,SplitLevel,N,520837.0
2,2210,3,1843,3,2001,13384,Suburb,2Story,Y,313442.0
10,1473,1,2408,3,2000,18448,Suburb,1Story,Y,421553.0
4,3655,1,2295,1,2020,11491,Uptown,Bungalow,Y,439116.0
8,3593,3,1589,1,1997,15112,Rural,SplitLevel,N,458796.0
7,4030,1,1696,2,1968,13785,Downtown,SplitLevel,Y,507560.0
9,2062,2,2469,3,1955,2968,Suburb,SplitLevel,Y,398934.0
8,4278,2,1946,2,1976,2368,Rural,Bungalow,N,488517.0
5,3396,1,2062,2,2002,10424,Uptown,1Story,Y,453211.0
2,3953,2,1145,2,1997,4242,Downtown,SplitLevel,Y,386508.0
5,3295,0,2324,1,1956,5083,Riverside,Bungalow,Y,373453.0
8,4011,3,1581,2,2008,15322,Rural,Bungalow,Y,473818.0
10,4175,0,2493,2,2018,3469,Uptown,2Story,N,561817.0
9,1488,3,2257,1,1960,6725,Uptown,Bungalow,Y,421595.0
9,520,1,2349,3,1964,6259,Downtown,SplitLevel,N,338574.0
1,2850,0,1932,3,2013,5622,Downtown,SplitLevel,N,329262.0
9,1368,1,1757,2,1952,12292,Uptown,Bungalow,Y,361129.0
7,583,1,2050,1,2018,19207,Downtown,SplitLevel,Y,362778.0
9,4345,3,989,3,1972,5431,Uptown,Bungalow,Y,553874.0
8,2182,3,1541,2,2002,6151,Uptown,SplitLevel,Y,406287.0
1,2476,3,1116,2,1986,6213,Uptown,2Story,Y,264084.0
8,4024,0,492,1,1958,17235,Suburb,1Story,Y,463976.0
8,1910,2,619,2,1964,10989,Suburb,2Story,Y,343526.0
3,2030,3,2378,3,1952,2779,Rural,2Story,Y,286619.0
1,3828,3,2380,1,2019,17351,Downtown,1Story,Y,434272.0
8,1069,0,2097,3,1966,13042,Uptown,SplitLevel,N,312584.0
3,4463,3,1546,3,1975,7534,Uptown,1Story,Y,443084.0
3,1433,0,862,3,1970,5306,Suburb,Bungalow,N,209702.0
1,4098,1,1691,2,2021,4902,Uptown,1Story,Y,376726.0
5,3733,3,1605,2,1970,15391,Downtown,2Story,Y,472244.0
10,2480,3,2319,3,1960,5718,Suburb,1Story,Y,466378.0
7,3734,1,579,3,1987,2021,Riverside,SplitLevel,Y,466922.0
10,2355,1,1890,1,2021,3500,Riverside,2Story,Y,449958.0
9,3556,1,1275,1,1984,11034,Suburb,Bungalow,Y,486198.0
7,1292,3,1855,2,1963,17799,Riverside,SplitLevel,Y,351606.0
9,1291,2,2493,2,1963,5641,Suburb,2Story,Y,382705.0
8,4095,2,1355,1,1959,2191,Suburb,Bungalow,Y,459594.0
2,2309,2,1162,3,1961,15306,Suburb,SplitLevel,Y,275739.0
1,1794,3,356,2,1987,15414,Riverside,Bungalow,Y,237622.0
7,3039,1,1624,3,1983,10587,Downtown,1Story,Y,414776.0
7,2755,3,2321,1,1990,6662,Rural,1Story,N,392749.0
8,4110,1,2006,2,1959,6326,Rural,Bungalow,N,426006.0
5,2107,3,2358,2,1966,11065,Uptown,1Story,N,386565.0
3,1583,3,869,1,1966,12471,Suburb,Bungalow,Y,251338.0
8,2977,1,885,2,2016,14641,Suburb,SplitLevel,Y,404874.0
6,1484,2,2001,1,2011,11196,Downtown,2Story,Y,345968.0
3,2180,1,2201,2,1950,14726,Rural,Bungalow,Y,273869.0
1,4176,0,1413,1,1961,17651,Uptown,2Story,Y,342517.0
3,3880,0,1283,2,1953,10536,Rural,2Story,Y,340613.0
5,1019,1,619,3,1991,14944,Uptown,Bungalow,Y,258396.0
3,1090,3,882,3,1962,8273,Downtown,1Story,Y,257515.0
1,1550,0,796,3,1953,8284,Riverside,SplitLevel,Y,209477.0
5,2209,0,2172,2,2018,10817,Rural,2Story,Y,320575.0
10,4133,3,1296,2,1968,10414,Downtown,SplitLevel,Y,580222.0
7,2535,3,618,3,1951,19127,Suburb,2Story,Y,373177.0
7,2746,2,1834,3,1961,18846,Uptown,Bungalow,Y,437652.0
9,2934,3,244,1,1955,19952,Riverside,1Story,N,455073.0
10,848,1,2497,1,1957,13539,Suburb,SplitLevel,Y,348365.0
10,1459,1,929,1,2000,15993,Uptown,2Story,Y,396229.0
3,2463,2,1270,3,1960,15451,Downtown,Bungalow,N,347478.0
7,1192,0,519,3,2012,16692,Downtown,Bungalow,Y,359097.0
1,2059,0,2409,3,2006,15334,Rural,2Story,Y,241237.0
4,4399,3,7,1,1961,9903,Rural,2Story,Y,353390.0
4,877,1,2019,2,2022,17629,Uptown,2Story,Y,275140.0
5,3446,0,494,3,1951,19740,Suburb,1Story,Y,381153.0
7,3463,2,1629,2,1957,3014,Downtown,2Story,Y,437123.0
7,4129,2,1062,2,1960,12860,Suburb,2Story,Y,458459.0
4,1026,1,186,2,2002,19438,Downtown,1Story,Y,274038.0
7,3724,2,1877,1,1959,3764,Downtown,Bungalow,N,455207.0
3,3281,2,2140,2,1957,8009,Suburb,2Story,Y,366271.0
6,2753,1,85,3,1985,11604,Suburb,SplitLevel,Y,367887.0
2,3002,3,136,1,1963,18012,Suburb,Bungalow,N,305572.0
10,3844,3,2468,3,2003,2667,Rural,SplitLevel,Y,493468.0
9,4465,2,2121,3,1970,5370,Downtown,2Story,Y,577238.0
5,1759,3,1636,1,1999,7976,Downtown,1Story,Y,355491.0
6,2375,3,2218,3,1988,19778,Rural,1Story,Y,374338.0
4,2263,2,1751,3,1969,10613,Downtown,1Story,Y,369804.0
10,1020,3,2217,1,1956,7599,Rural,2Story,Y,339800.0
7,2201,2,1787,3,1958,5650,Downtown,2Story,Y,404307.0
9,1516,0,871,2,1950,14349,Suburb,SplitLevel,Y,321259.0
7,3503,1,2369,3,1975,11894,Downtown,1Story,Y,493987.0
1,4402,1,943,2,1987,5190,Downtown,2Story,N,413859.0
1,3273,3,1626,3,1987,17345,Rural,Bungalow,Y,317768.0
9,1513,3,348,1,2010,10789,Riverside,2Story,Y,389068.0
9,3048,3,1676,1,1993,2391,Downtown,2Story,Y,487229.0
4,616,1,1196,3,1993,19459,Suburb,Bungalow,Y,227878.0
9,2933,0,9,1,2011,4650,Uptown,1Story,Y,409321.0
3,1867,0,1461,3,1955,15600,Suburb,Bungalow,Y,269552.0
7,1083,1,666,1,1966,16317,Uptown,1Story,Y,311989.0
6,894,0,1522,2,2000,19193,Downtown,Bungalow,Y,354100.0
8,1587,1,2176,3,1987,17563,Riverside,SplitLevel,Y,396069.0
9,4288,0,600,2,1973,8895,Suburb,1Story,Y,463620.0
5,3268,2,326,2,2000,19543,Suburb,2Story,N,357756.0
1,571,2,979,3,1959,3531,Riverside,SplitLevel,Y,162655.0
3,4360,1,2451,2,2021,7481,Rural,1Story,Y,389420.0
10,773,0,628,3,1970,12874,Suburb,1Story,Y,327755.0
8,2513,3,1629,2,2019,8163,Uptown,1Story,Y,455218.0
6,1843,0,273,3,2006,7264,Rural,Bungalow,Y,269331.0
8,837,2,684,3,1988,19615,Downtown,1Story,Y,366398.0
9,1889,2,115,1,1982,17890,Rural,2Story,Y,338601.0
4,4066,0,860,3,2008,13767,Downtown,1Story,N,464894.0
1,1106,0,2003,3,1967,10071,Uptown,2Story,Y,227488.0
1,665,3,692,2,2005,17540,Riverside,2Story,N,210659.0
10,2067,3,1105,3,2006,4908,Suburb,2Story,Y,404225.0
4,2558,0,2371,1,1997,6712,Suburb,SplitLevel,Y,311709.0
7,1824,0,2161,2,1991,14190,Downtown,2Story,Y,397308.0
2,1228,0,1792,2,1976,12150,Downtown,Bungalow,Y,229167.0
3,3348,0,153,1,2001,6491,Riverside,1Story,Y,316869.0
1,2543,1,1900,2,1991,15919,Downtown,Bungalow,Y,345735.0
5,601,0,1427,2,1981,16168,Suburb,SplitLevel,Y,227459.0
1,3996,3,1289,2,1975,10593,Uptown,1Story,Y,367804.0
8,1915,2,314,2,1974,19358,Riverside,2Story,N,378855.0
1,1278,1,1064,1,1972,18607,Suburb,1Story,Y,229183.0
1,713,0,104,1,2006,6613,Rural,SplitLevel,N,80885.0
2,4262,2,1924,2,2001,13426,Rural,SplitLevel,Y,402689.0
2,1611,1,1913,2,1980,18609,Riverside,Bungalow,N,253781.0
6,2076,2,1216,1,2013,10183,Rural,1Story,Y,311987.0
7,2948,0,1424,1,2020,19725,Rural,1Story,Y,381171.0
5,3135,0,2401,1,1982,10401,Downtown,1Story,Y,403917.0
1,3436,3,1772,2,1951,5727,Downtown,Bungalow,Y,378441.0
1,3617,0,1960,2,1967,15703,Rural,SplitLevel,Y,283694.0
3,2195,0,1603,3,1996,12218,Riverside,2Story,Y,315838.0
2,4034,1,708,1,1982,2393,Riverside,1Story,Y,370332.0
5,1091,3,650,2,1984,17992,Riverside,Bungalow,Y,306075.0
10,1833,1,946,1,2000,11035,Suburb,Bungalow,Y,392656.0
6,1609,2,660,2,1967,11716,Uptown,2Story,Y,346148.0
7,2639,0,2146,1,2021,10795,Uptown,SplitLevel,Y,413263.0
4,4231,2,2329,2,1979,2581,Rural,1Story,N,372986.0
7,3220,1,2450,3,1993,16330,Suburb,1Story,Y,459523.0
8,1213,0,1132,3,2002,12131,Suburb,Bungalow,Y,324265.0
1,1435,0,699,1,1959,2132,Riverside,SplitLevel,N,137066.0
6,2451,1,2246,2,2001,16984,Suburb,1Story,Y,372624.0
8,741,1,2038,2,1998,5385,Riverside,2Story,Y,305203.0
5,2543,1,2374,1,1960,5770,Suburb,SplitLevel,Y,330782.0
4,4436,1,2201,2,2015,4268,Uptown,SplitLevel,Y,461634.0
2,501,1,551,1,2007,2975,Rural,Bungalow,Y,115444.0
6,2772,0,404,2,1985,9605,Uptown,Bungalow,Y,353765.0
6,3348,1,461,1,1982,9213,Suburb,1Story,Y,359970.0
1,2268,0,2179,2,1996,13455,Riverside,Bungalow,Y,292964.0
9,2449,0,873,1,1962,4835,Rural,SplitLevel,Y,341756.0
6,3136,1,83,2,1989,4738,Suburb,1Story,N,356147.0
3,2663,1,1422,3,2017,11549,Rural,1Story,Y,331014.0
4,4237,3,220,2,1991,6134,Suburb,SplitLevel,N,404379.0
4,1417,0,1391,1,1968,8833,Suburb,1Story,N,227905.0
3,3674,1,111,3,1968,10353,Suburb,2Story,Y,345632.0
10,2741,1,614,2,2007,17690,Riverside,2Story,Y,464152.0
3,3737,1,1581,3,1972,3909,Suburb,1Story,Y,380855.0
3,3418,3,474,2,2003,16496,Rural,Bungalow,N,332443.0
4,589,3,1913,3,2014,14062,Suburb,2Story,Y,239804.0
7,2209,2,270,1,1961,11850,Suburb,1Story,N,322419.0
4,2669,0,2468,2,1973,3963,Riverside,2Story,Y,348022.0
9,642,2,1920,2,1983,7153,Rural,Bungalow,Y,315903.0
1,3541,1,1390,1,2002,12481,Riverside,SplitLevel,Y,332088.0
8,605,3,39,3,1957,2966,Suburb,1Story,Y,246075.0
7,1386,3,1982,1,1967,2889,Downtown,1Story,Y,359269.0
2,927,2,2236,1,2006,8461,Riverside,1Story,Y,252190.0
8,1828,3,993,3,1954,8166,Rural,1Story,Y,327948.0
1,2395,1,2012,1,1975,18006,Downtown,1Story,Y,349220.0
9,2494,3,289,2,1979,13381,Suburb,1Story,N,436934.0
9,816,2,2480,2,2003,18344,Uptown,Bungalow,N,380809.0
2,2486,1,278,2,1962,12940,Suburb,SplitLevel,Y,265101.0
7,1134,2,580,1,1978,13258,Rural,Bungalow,Y,281788.0
10,2425,3,862,2,1952,9280,Suburb,Bungalow,Y,422787.0
3,2556,2,253,2,2007,3067,Suburb,SplitLevel,Y,279279.0
7,3321,2,180,2,1951,13115,Riverside,Bungalow,Y,430561.0
10,3644,0,680,2,1977,11018,Suburb,2Story,Y,477613.0
9,3930,3,824,2,1951,17753,Suburb,Bungalow,Y,488449.0
4,2770,3,699,2,1956,16178,Uptown,1Story,N,359584.0
1,1939,2,1349,1,1975,17187,Suburb,2Story,Y,245505.0
2,1052,0,1380,2,1965,6607,Suburb,2Story,Y,182094.0
1,3941,3,1673,2,1972,5985,Rural,SplitLevel,Y,321005.0
5,1215,1,2438,3,1989,12284,Suburb,Bungalow,Y,305532.0
5,1787,2,1638,1,2009,16554,Suburb,Bungalow,Y,322588.0
7,4411,3,1957,1,2022,6538,Suburb,2Story,Y,515423.0
9,2213,1,211,1,1981,8371,Rural,Bungalow,Y,346089.0
9,2383,3,1538,1,1964,3726,Rural,Bungalow,N,371087.0
3,3889,1,383,2,1962,7791,Rural,SplitLevel,Y,325572.0
3,1607,2,1714,2,1954,10458,Downtown,2Story,N,282434.0
3,1841,3,341,3,2001,19221,Rural,1Story,Y,279822.0
4,610,3,1838,3,1990,17738,Riverside,2Story,N,261189.0
8,750,0,1987,1,2002,19070,Suburb,SplitLevel,Y,290015.0
6,2930,2,843,3,1999,18740,Uptown,SplitLevel,Y,409755.0
8,2554,1,1534,3,1964,11063,Rural,SplitLevel,Y,389458.0
1,958,3,419,1,1956,12165,Riverside,Bungalow,Y,193001.0
8,1607,3,1988,1,1989,16539,Riverside,2Story,Y,415333.0
4,707,1,1932,3,1977,17572,Downtown,Bungalow,Y,267137.0
1,1399,2,1849,2,1981,6647,Suburb,Bungalow,Y,255999.0
8,3961,0,305,3,1964,12002,Suburb,2Story,Y,444903.0
4,3885,0,868,3,2019,12833,Suburb,SplitLevel,N,367579.0
6,521,3,1135,2,2014,12420,Downtown,1Story,Y,344122.0
8,909,1,1434,2,1953,8642,Uptown,1Story,Y,297886.0
4,1394,3,205,1,1960,12542,Downtown,2Story,Y,275615.0
3,1014,1,495,1,1975,6357,Suburb,2Story,Y,187619.0
9,3698,0,1909,3,2010,17599,Rural,SplitLevel,Y,483630.0
3,1308,2,1045,2,1986,15201,Suburb,2Story,Y,238572.0
9,4271,1,212,1,1972,4739,Riverside,2Story,Y,499443.0
2,1373,0,309,3,1989,15231,Uptown,SplitLevel,Y,242546.0
2,513,3,1991,2,1972,11510,Suburb,SplitLevel,Y,207186.0
2,1470,1,271,3,1965,11727,Suburb,Bungalow,Y,232225.0
6,3525,2,1822,1,2010,12635,Suburb,2Story,Y,437250.0
3,3561,3,2079,1,2017,11964,Uptown,1Story,Y,417346.0
9,3583,3,442,2,1980,19261,Downtown,2Story,Y,549768.0
4,2634,0,2209,3,2002,13392,Rural,1Story,N,322174.0
1,4095,1,253,2,1974,14336,Uptown,1Story,N,335204.0
4,3456,3,520,1,1993,13939,Suburb,1Story,Y,365534.0
1,2060,2,976,1,1961,18676,Riverside,Bungalow,Y,260418.0
5,1824,1,9,3,1958,11843,Downtown,SplitLevel,Y,277695.0
4,1766,2,1583,3,1961,14823,Riverside,SplitLevel,Y,308830.0
8,2669,3,2483,3,2018,4686,Downtown,Bungalow,Y,487378.0
8,3718,2,1134,2,2003,2233,Rural,SplitLevel,Y,427912.0
7,4138,0,152,3,2003,16429,Suburb,Bungalow,Y,437312.0
3,1249,2,1658,3,1977,4272,Uptown,2Story,Y,260635.0
1,3927,1,1856,1,2005,19350,Suburb,Bungalow,Y,388327.0
1,1184,2,1214,1,2018,19273,Downtown,SplitLevel,Y,269307.0
3,2427,2,1752,3,2007,5400,Rural,SplitLevel,Y,296159.0
6,4304,0,1104,3,1991,17371,Suburb,2Story,Y,463123.0
7,4202,2,894,1,1987,6542,Rural,Bungalow,Y,426479.0
6,2856,2,1111,3,2017,5523,Riverside,2Story,Y,411229.0
6,1194,3,103,2,2002,5291,Suburb,1Story,Y,279805.0
6,2835,3,1914,2,1982,4488,Suburb,Bungalow,Y,402399.0
3,806,1,1006,2,2020,12892,Downtown,2Story,Y,262315.0
6,4383,3,406,3,2005,3558,Rural,2Story,Y,416855.0
8,4165,3,1401,1,2021,6690,Suburb,SplitLevel,Y,499776.0
2,2489,3,166,3,2000,8121,Suburb,Bungalow,Y,292365.0
5,3461,3,508,3,1992,14198,Downtown,1Story,Y,430924.0
1,4294,0,1661,1,1964,6439,Suburb,1Story,Y,336141.0
1,1161,3,2360,1,1987,19487,Riverside,Bungalow,N,245117.0
5,1048,0,762,1,1964,9520,Suburb,Bungalow,N,215827.0
3,3923,0,680,2,1954,7409,Rural,2Story,Y,320928.0
4,811,3,2120,3,2003,11670,Uptown,SplitLevel,N,277690.0
3,3420,2,1164,1,2000,14106,Uptown,SplitLevel,Y,399059.0
1,1582,0,581,3,1959,13934,Suburb,SplitLevel,Y,196575.0
1,4214,2,261,2,1961,9869,Rural,Bungalow,Y,315271.0
5,3471,2,1363,2,1953,4956,Riverside,SplitLevel,N,387952.0
6,2237,3,1331,1,1967,12766,Downtown,2Story,Y,392439.0
3,1254,1,2292,1,1985,12086,Suburb,Bungalow,Y,276507.0
9,534,3,1538,3,1974,12435,Suburb,Bungalow,Y,328296.0
5,944,1,560,1,1985,18412,Suburb,SplitLevel,Y,237071.0
8,2640,1,1099,3,2016,12255,Suburb,1Story,Y,404910.0
1,2482,3,1903,1,1958,11638,Uptown,1Story,Y,303533.0
5,1730,3,174,3,2010,9756,Downtown,2Story,Y,341196.0
3,852,1,2156,3,2002,13856,Suburb,SplitLevel,Y,249136.0
1,1402,3,2230,3,1967,17764,Rural,SplitLevel,Y,234480.0
4,1855,1,191,3,1992,5602,Suburb,Bungalow,Y,271981.0
5,4388,2,64,2,1984,7062,Uptown,Bungalow,Y,443075.0
7,3409,3,1497,3,2012,13877,Suburb,SplitLevel,Y,498158.0
1,2248,2,1567,1,1953,9244,Riverside,Bungalow,Y,276106.0
3,658,0,1151,2,1990,8372,Suburb,SplitLevel,Y,173429.0
2,2477,2,1937,2,1994,9105,Rural,2Story,Y,254654.0
9,1456,2,368,3,1999,14229,Uptown,Bungalow,Y,372049.0
10,2571,1,850,2,1977,18956,Suburb,SplitLevel,N,430229.0
6,903,2,42,3,1991,9705,Downtown,Bungalow,N,277670.0
10,3352,3,1907,1,2018,15894,Uptown,2Story,Y,529327.0
3,1015,1,77,3,1950,14280,Suburb,Bungalow,Y,201176.0
8,3279,0,1824,2,1988,2614,Riverside,SplitLevel,N,430016.0
8,1887,3,1293,1,1966,6050,Riverside,Bungalow,N,335804.0
2,3953,0,673,3,1984,18709,Suburb,Bungalow,N,372296.0
6,3079,2,700,1,1995,17722,Suburb,SplitLevel,Y,407102.0
7,1455,3,758,1,1991,17210,Suburb,1Story,Y,312023.0
2,2699,3,1923,2,1988,18742,Suburb,Bungalow,Y,342271.0
10,4133,0,901,1,1998,5777,Uptown,Bungalow,Y,496652.0
2,2212,3,992,2,2011,7906,Uptown,2Story,Y,297527.0
10,3494,3,1191,1,1987,3721,Suburb,1Story,Y,491964.0
1,1107,3,2386,3,1972,19733,Downtown,2Story,Y,295955.0
8,4188,2,2240,1,1971,5896,Suburb,SplitLevel,Y,509084.0
1,2967,0,1476,3,1953,8941,Suburb,SplitLevel,Y,287689.0
9,1773,3,2330,3,1998,15464,Uptown,2Story,Y,468839.0
6,3688,1,389,1,2008,7246,Downtown,Bungalow,Y,426731.0
7,3413,1,999,3,2022,10384,Uptown,1Story,Y,453042.0
10,2035,1,524,1,2017,17369,Rural,2Story,Y,333639.0
7,4311,1,1855,1,2020,18475,Uptown,2Story,Y,521522.0
10,3125,2,1506,3,1951,15644,Suburb,SplitLevel,Y,491456.0
3,2882,3,658,3,1998,13108,Rural,Bungalow,Y,320011.0
2,1941,0,890,2,1980,10128,Rural,1Story,Y,197387.0
9,3479,3,1481,3,1989,19459,Uptown,2Story,Y,542521.0
8,2297,2,451,2,1997,10168,Suburb,1Story,Y,377600.0
10,794,1,2475,3,2000,8861,Suburb,1Story,Y,380958.0
7,1254,2,1537,1,1992,10990,Rural,2Story,N,287087.0
9,1894,3,882,3,2004,15750,Downtown,1Story,Y,466003.0
4,685,0,312,1,1998,18988,Suburb,SplitLevel,Y,208887.0
4,1769,2,839,1,2006,4979,Riverside,Bungalow,Y,297493.0
1,1136,0,374,1,1964,9065,Downtown,Bungalow,Y,184607.0
8,1791,2,450,2,1976,6916,Suburb,Bungalow,Y,332136.0
3,4214,0,594,3,2017,2597,Suburb,SplitLevel,N,380006.0
7,3808,0,1233,1,2013,7622,Rural,SplitLevel,Y,427974.0
2,1029,1,499,1,1979,14164,Downtown,SplitLevel,Y,212283.0
2,4123,0,463,2,1985,3699,Rural,Bungalow,Y,306351.0
7,2568,1,112,3,2016,19100,Downtown,1Story,Y,421330.0
6,3458,3,1035,3,1998,15429,Downtown,SplitLevel,Y,487707.0
3,4308,3,2378,2,2004,15796,Uptown,2Story,Y,482576.0
9,3414,1,1924,2,2005,6086,Suburb,SplitLevel,Y,488575.0
10,1293,1,139,3,2017,2665,Riverside,2Story,Y,390601.0
6,4091,2,1424,2,1993,16605,Downtown,Bungalow,N,486709.0
10,2647,2,516,3,1980,19463,Suburb,2Story,Y,460245.0
10,3299,2,1947,3,2007,10419,Downtown,SplitLevel,Y,549923.0
6,977,3,2165,1,2002,17184,Suburb,SplitLevel,Y,318697.0
1,2122,2,887,1,1972,3069,Riverside,1Story,Y,250745.0
4,3869,0,1341,3,1977,7263,Riverside,Bungalow,Y,400607.0
10,1439,0,49,3,1965,18109,Downtown,2Story,Y,390634.0
6,1025,2,18,3,1986,9951,Rural,Bungalow,Y,217882.0
6,2881,0,725,3,1970,14919,Rural,SplitLevel,Y,330251.0
5,501,3,2244,3,1966,3363,Suburb,1Story,Y,273992.0
1,874,0,1473,3,1986,6508,Downtown,SplitLevel,Y,225228.0
8,2840,3,451,2,1968,3755,Riverside,SplitLevel,Y,418144.0
5,3384,1,2336,3,1979,2519,Riverside,SplitLevel,Y,411523.0
5,3552,1,1164,2,1994,13736,Riverside,2Story,N,422823.0
7,1052,1,1107,2,1967,12514,Uptown,SplitLevel,Y,329418.0
4,2865,1,2438,3,2011,16688,Rural,Bungalow,Y,353481.0
6,2025,0,214,3,1985,9233,Suburb,Bungalow,Y,285179.0
4,2351,2,1549,2,2001,3102,Downtown,1Story,Y,363975.0
3,880,0,2262,2,1968,2597,Downtown,Bungalow,Y,257642.0
7,2146,3,127,3,1993,15947,Rural,SplitLevel,N,340203.0
8,513,0,1845,3,1956,14241,Uptown,SplitLevel,Y,334753.0
4,1003,0,759,2,1993,7781,Uptown,Bungalow,N,254456.0
2,2778,3,2451,2,2017,12797,Riverside,1Story,Y,366525.0
10,2508,1,1815,2,1983,8256,Riverside,1Story,Y,455509.0
3,3655,1,2385,1,2015,12380,Riverside,Bungalow,Y,402347.0
1,629,1,360,2,2018,10780,Suburb,2Story,Y,142034.0
8,4314,2,568,1,2004,8554,Uptown,2Story,Y,490209.0
3,1337,3,1415,3,1959,14664,Rural,2Story,N,239286.0
10,3716,3,2265,3,1991,11599,Suburb,2Story,Y,549922.0
7,3438,0,1597,2,1990,17511,Riverside,Bungalow,N,457646.0
10,4428,2,1692,3,2018,6846,Riverside,1Story,N,610023.0
5,2540,1,201,3,1959,8605,Downtown,SplitLevel,N,351826.0
10,527,2,2064,3,1959,12251,Downtown,SplitLevel,Y,371523.0
5,2613,3,2369,3,2009,18043,Rural,Bungalow,Y,397386.0
7,3734,3,517,1,2000,14764,Rural,SplitLevel,Y,408758.0
9,1752,0,1348,1,1970,4986,Riverside,2Story,Y,385024.0
5,760,0,1435,2,1957,2400,Suburb,1Story,Y,188628.0
1,2546,3,1341,2,2014,12416,Downtown,Bungalow,Y,328476.0
10,1972,1,680,2,1979,5412,Suburb,1Story,Y,389210.0
10,1947,1,1988,3,1998,18440,Downtown,Bungalow,N,481568.0
1,959,2,1491,3,1958,3875,Downtown,Bungalow,N,202623.0
2,4247,3,424,1,1966,6298,Riverside,Bungalow,Y,366438.0
6,800,3,1968,1,2018,5768,Suburb,Bungalow,Y,294638.0
9,3466,1,1712,2,2007,7752,Suburb,1Story,Y,505233.0
8,3874,1,2434,1,2006,14489,Downtown,SplitLevel,Y,510208.0
5,2834,3,777,1,2011,3353,Suburb,Bungalow,Y,352028.0
1,3966,0,2145,1,2001,8597,Uptown,2Story,Y,376128.0
7,3581,3,1826,1,2010,16691,Rural,Bungalow,Y,432572.0
5,4278,3,207,1,1989,6311,Uptown,1Story,Y,430606.0
6,1129,1,1537,2,1987,17307,Suburb,Bungalow,Y,295395.0
7,769,1,1659,2,1992,12794,Suburb,2Story,Y,298657.0
3,3139,0,2213,1,2012,4934,Suburb,1Story,N,330980.0
10,2493,0,21,2,1968,18406,Suburb,Bungalow,Y,424527.0
3,2128,2,153,3,1999,12394,Uptown,2Story,Y,313280.0
5,2301,3,1962,1,1982,19593,Suburb,1Story,Y,372532.0
6,3391,1,218,3,1962,10940,Rural,Bungalow,Y,372290.0
9,1361,0,668,2,2011,19188,Downtown,2Story,Y,390309.0
5,3932,2,1518,2,1992,10325,Rural,1Story,Y,398060.0
1,1780,2,2277,3,1998,12629,Riverside,Bungalow,Y,282836.0
4,2680,1,2067,2,1985,7141,Rural,1Story,Y,296010.0
5,3847,1,949,1,1959,5671,Rural,2Story,Y,385845.0
10,2299,2,2195,3,1955,9292,Riverside,Bungalow,Y,471744.0
10,2206,0,402,1,2006,17438,Rural,Bungalow,Y,328933.0
5,3519,2,595,3,1950,14231,Suburb,Bungalow,Y,413788.0
7,3060,3,2414,2,2020,16511,Suburb,2Story,Y,445358.0
4,2860,3,1437,3,2007,13109,Uptown,SplitLevel,Y,408614.0
1,1075,1,1157,3,1970,10444,Uptown,Bungalow,N,168871.0
5,3433,0,1742,1,2005,17605,Suburb,2Story,Y,395141.0
7,2503,0,1306,2,1969,15026,Suburb,1Story,N,382138.0
10,1807,3,72,1,2003,11321,Riverside,1Story,Y,421656.0
10,3692,2,480,2,1974,7435,Downtown,2Story,N,512614.0
6,3678,1,559,1,1977,10493,Suburb,SplitLevel,Y,411121.0
5,2456,2,744,3,1954,8691,Downtown,2Story,Y,344993.0
4,3234,2,1466,1,1970,4763,Uptown,1Story,N,375409.0
2,2520,2,99,2,1967,5241,Downtown,1Story,Y,307306.0
4,3775,0,1082,2,1996,5057,Rural,Bungalow,Y,383197.0
10,2712,3,2305,3,2019,18934,Downtown,SplitLevel,Y,536013.0
10,2852,0,412,2,2006,7574,Rural,2Story,Y,395506.0
3,4068,3,1088,1,1968,7411,Uptown,1Story,Y,409188.0
10,2155,1,1177,3,2014,3587,Suburb,1Story,Y,425124.0
1,2079,1,2008,2,1952,12014,Suburb,1Story,N,257334.0
8,2347,2,2313,2,1991,7920,Suburb,2Story,Y,429439.0
5,2703,3,820,1,1970,13688,Suburb,2Story,N,360416.0
4,1890,3,661,1,1989,6409,Uptown,SplitLevel,N,272267.0
8,2242,3,559,3,2016,7783,Suburb,Bungalow,Y,356767.0
7,2425,2,1271,2,1974,2712,Uptown,Bungalow,Y,378347.0
2,1119,2,1813,1,2004,7406,Suburb,Bungalow,Y,223583.0
1,1774,1,609,3,2001,14041,Suburb,1Story,Y,222912.0
4,1456,0,2461,2,1993,4433,Suburb,Bungalow,Y,265954.0
8,2439,3,24,2,2005,5301,Rural,1Story,Y,347033.0
2,4453,3,2028,3,2004,18654,Suburb,SplitLevel,Y,460318.0
3,2881,0,283,3,2019,13586,Uptown,1Story,Y,322689.0
1,4213,3,1472,1,2022,19463,Suburb,SplitLevel,Y,400782.0
1,1468,2,300,2,2015,7322,Downtown,SplitLevel,Y,239170.0
3,3058,2,1091,2,1968,15932,Uptown,Bungalow,Y,371628.0
5,1816,3,1030,2,1956,7257,Uptown,Bungalow,Y,339594.0
3,1543,2,816,3,2012,15733,Downtown,1Story,Y,334646.0
1,781,2,82,1,1991,15368,Rural,2Story,N,111757.0
1,3344,3,1920,2,1991,11777,Suburb,Bungalow,Y,319286.0
8,3572,1,2093,3,2008,13249,Uptown,Bungalow,Y,503965.0
10,2666,0,617,2,1969,14881,Riverside,2Story,Y,410162.0
2,1558,2,2309,1,2022,11587,Riverside,2Story,N,317869.0
3,697,1,175,2,1966,10791,Uptown,Bungalow,Y,184728.0
2,3032,2,1189,1,1976,10705,Suburb,2Story,Y,321855.0
3,4328,2,841,1,1996,11258,Uptown,1Story,N,428558.0
7,1582,0,369,2,1951,9833,Suburb,SplitLevel,Y,292549.0
1,3384,2,1818,2,2012,16245,Downtown,SplitLevel,Y,419598.0
10,1684,0,2101,1,2011,17754,Suburb,Bungalow,Y,401534.0
8,1508,0,689,3,1968,11280,Riverside,Bungalow,N,316517.0
10,3238,0,1779,1,1966,14577,Riverside,1Story,Y,467036.0
10,1729,1,1364,2,2018,4514,Downtown,2Story,Y,436796.0
10,1535,3,1432,2,1988,5969,Uptown,Bungalow,Y,409572.0
2,989,1,366,3,2020,6566,Uptown,SplitLevel,Y,203267.0
3,775,3,643,1,1988,4196,Suburb,1Story,Y,205799.0
9,3240,3,2426,1,1985,19173,Suburb,1Story,Y,510618.0
7,2789,0,72,1,1989,13345,Uptown,2Story,Y,381622.0
4,1739,2,1271,2,1994,3309,Suburb,Bungalow,Y,294722.0
10,1774,0,859,1,1953,2864,Downtown,Bungalow,Y,381267.0
5,4382,2,42,3,1974,14055,Uptown,1Story,Y,448228.0
2,625,3,2424,2,2018,7389,Riverside,SplitLevel,Y,256510.0
8,716,0,1064,2,1979,13716,Rural,Bungalow,Y,242583.0
4,3877,2,2217,1,2017,13978,Uptown,SplitLevel,Y,436709.0
9,4368,1,2259,3,1978,5003,Suburb,1Story,Y,548664.0
5,1708,2,1516,2,2022,16174,Downtown,Bungalow,Y,359903.0
9,3610,0,2086,2,2017,15772,Rural,SplitLevel,Y,493013.0
4,1746,1,368,1,2000,19615,Suburb,1Story,Y,286661.0
10,3755,2,150,1,1973,9959,Riverside,SplitLevel,Y,483006.0
5,3042,2,1134,3,1963,13980,Downtown,Bungalow,Y,424153.0
9,2974,2,1503,1,2018,8581,Suburb,2Story,N,481827.0
8,3749,2,1459,3,1967,18805,Suburb,SplitLevel,Y,500997.0
3,1418,2,1070,2,1991,11965,Riverside,2Story,Y,277363.0
1,3999,1,1023,3,2006,13760,Downtown,Bungalow,N,381924.0
3,1817,3,1598,3,1961,16922,Downtown,2Story,Y,363246.0
4,4423,1,2040,3,1966,2946,Suburb,1Story,Y,453053.0
2,2698,1,1389,2,1979,3564,Uptown,2Story,Y,298433.0
1,2931,1,68,1,1972,9332,Suburb,SplitLevel,Y,283369.0
7,2161,3,2346,2,1950,6944,Suburb,SplitLevel,Y,383662.0
8,4384,0,943,1,1981,18057,Downtown,2Story,Y,507760.0
7,807,3,801,3,1958,15877,Uptown,1Story,Y,309643.0
5,1859,1,2343,3,1964,12139,Downtown,Bungalow,Y,377679.0
1,2469,2,2250,3,1977,3308,Suburb,2Story,Y,276354.0
7,3293,2,60,3,1973,18770,Suburb,SplitLevel,N,395823.0
7,1391,1,945,3,2009,5258,Rural,SplitLevel,Y,278409.0
9,874,2,1337,1,1984,6811,Uptown,2Story,Y,335884.0
3,3579,1,1184,1,1976,8697,Suburb,2Story,Y,339271.0
9,2533,2,330,3,1969,17775,Riverside,2Story,Y,425468.0
1,1864,3,1551,2,2014,13039,Riverside,Bungalow,Y,298052.0
1,628,0,337,2,1998,3439,Suburb,SplitLevel,Y,134686.0
4,1514,0,1629,3,1950,13634,Uptown,SplitLevel,Y,279566.0
9,2299,3,1327,1,1959,2055,Uptown,SplitLevel,Y,406350.0
6,3216,3,1526,2,1996,2105,Riverside,Bungalow,Y,424383.0
3,3923,1,1673,2,2008,5201,Suburb,1Story,Y,388310.0
1,1881,1,1361,2,2011,17184,Suburb,SplitLevel,N,244698.0
4,1016,1,1573,3,1967,2669,Suburb,SplitLevel,N,241647.0
9,2018,2,274,2,1995,14663,Riverside,1Story,Y,401920.0
3,585,1,1187,2,1981,2966,Suburb,Bungalow,Y,188061.0
9,1698,3,2366,2,1976,18691,Suburb,1Story,Y,438948.0
7,4373,0,2434,2,1967,13656,Suburb,1Story,Y,520929.0
4,3764,2,1993,1,1988,17893,Suburb,1Story,N,393655.0
3,2858,1,869,3,1998,15089,Rural,1Story,Y,279920.0
10,1642,2,1014,3,1993,18493,Downtown,Bungalow,Y,437988.0
5,3789,2,1911,1,2021,5632,Suburb,Bungalow,N,433110.0
5,2974,1,602,1,2003,7684,Riverside,1Story,N,359676.0
3,2493,2,1799,3,1983,15266,Suburb,2Story,Y,352705.0
9,3985,0,690,2,2020,18940,Uptown,2Story,Y,510500.0
4,2661,3,493,2,1985,2104,Downtown,2Story,Y,326520.0
5,3716,3,489,3,1967,4047,Suburb,2Story,Y,380829.0
4,4109,0,389,2,1987,18529,Uptown,SplitLevel,Y,425140.0
5,4219,2,294,1,2008,19257,Uptown,Bungalow,Y,473137.0
7,802,1,1392,2,1958,18682,Suburb,Bungalow,Y,260771.0
9,3291,2,1717,2,2022,10837,Riverside,1Story,Y,521360.0
7,4452,0,648,2,2021,17407,Riverside,SplitLevel,Y,505200.0
5,1087,2,1873,3,2000,8382,Riverside,1Story,Y,305762.0
10,1486,3,567,1,1984,2783,Suburb,1Story,Y,350042.0
10,2363,2,444,2,1954,2370,Downtown,Bungalow,Y,452467.0
7,844,0,362,3,1963,17908,Rural,SplitLevel,Y,252877.0
10,1313,3,2170,2,1979,2486,Rural,2Story,Y,364406.0
5,2487,2,1211,1,1953,16500,Downtown,Bungalow,Y,363684.0
3,3348,2,741,2,1988,5196,Uptown,SplitLevel,Y,386367.0
7,3572,3,2041,1,2013,11552,Downtown,SplitLevel,Y,506963.0
2,3718,1,679,2,1974,4261,Suburb,Bungalow,Y,333147.0
9,1810,3,2467,1,1977,12813,Suburb,Bungalow,Y,411305.0
10,2499,1,1642,2,2015,11148,Uptown,1Story,Y,456024.0
10,2177,0,1572,1,1971,10572,Suburb,1Story,Y,403129.0
1,3624,0,1358,2,1980,17008,Uptown,1Story,Y,361446.0
6,1827,3,2139,2,1972,15085,Rural,2Story,Y,322868.0
7,1592,3,62,3,1997,18622,Uptown,Bungalow,Y,366344.0
8,2908,0,1162,3,1969,8843,Riverside,SplitLevel,N,413022.0
10,4173,1,1228,1,1987,3105,Rural,Bungalow,Y,487559.0
9,3791,0,255,2,2004,19770,Riverside,SplitLevel,Y,483976.0
2,1509,3,134,1,2017,12441,Downtown,2Story,Y,270835.0
10,1203,0,874,3,1950,11719,Suburb,Bungalow,Y,346781.0
2,1074,3,821,1,1956,4691,Downtown,SplitLevel,Y,222503.0
5,2108,3,2135,1,2006,13864,Suburb,SplitLevel,Y,345856.0
5,3732,0,822,3,1961,3996,Uptown,1Story,Y,390055.0
6,4252,1,973,2,1954,3425,Downtown,2Story,Y,469795.0
3,1612,2,1777,1,1999,18378,Suburb,Bungalow,Y,279937.0
8,1187,0,120,3,1991,8849,Rural,1Story,N,254530.0
1,3328,2,1637,2,1961,5247,Rural,2Story,Y,294013.0
6,3132,0,1364,3,1967,3490,Suburb,1Story,Y,392167.0
4,4328,2,1007,1,2015,19608,Uptown,Bungalow,Y,479968.0
1,3136,1,924,2,1966,16310,Downtown,SplitLevel,Y,325037.0
7,3730,1,644,2,2017,19216,Suburb,Bungalow,Y,467795.0
9,988,0,2032,3,2020,17401,Rural,2Story,Y,364356.0
4,3518,3,2068,3,2011,14884,Rural,Bungalow,Y,405367.0
4,1847,2,241,3,1990,6795,Suburb,2Story,Y,276498.0
6,4181,3,2350,2,1983,3646,Riverside,1Story,Y,490098.0
3,3952,3,1619,2,2019,18142,Suburb,2Story,Y,414697.0
6,3673,3,802,1,1994,16306,Suburb,SplitLevel,Y,448348.0
7,993,1,963,2,2007,18824,Downtown,SplitLevel,Y,340178.0
10,2167,0,68,1,2000,7956,Rural,SplitLevel,N,332233.0
10,2137,0,1152,3,1983,15928,Uptown,1Story,Y,443677.0
3,518,1,195,3,1993,11721,Downtown,2Story,Y,231564.0
7,4025,1,2187,2,1964,13157,Suburb,1Story,Y,467038.0
3,4053,0,2330,3,2019,4367,Uptown,Bungalow,Y,421111.0
2,4165,3,2359,3,1999,8696,Suburb,Bungalow,Y,416679.0
10,2944,2,745,2,1981,7190,Suburb,Bungalow,Y,478608.0
4,1500,2,1688,1,2016,6663,Rural,Bungalow,N,265212.0
8,3850,2,276,2,1952,9062,Downtown,SplitLevel,Y,491069.0
9,1350,3,60,1,2000,6331,Riverside,2Story,Y,343315.0
7,1888,0,1913,2,2016,13880,Downtown,SplitLevel,Y,391866.0
1,1854,1,2099,2,1997,18246,Uptown,2Story,Y,289871.0
3,4212,0,2200,3,1966,5262,Suburb,2Story,Y,434490.0
9,1867,3,1772,2,1956,15320,Riverside,1Story,Y,423238.0
1,1321,1,1334,2,1962,9036,Downtown,Bungalow,Y,238121.0
9,954,3,1837,1,2015,6677,Rural,2Story,Y,284491.0
8,2124,2,566,3,1953,9972,Rural,Bungalow,N,330862.0
1,3272,2,1571,1,1959,17329,Suburb,Bungalow,Y,300166.0
6,4226,3,621,1,1966,6264,Suburb,Bungalow,N,423741.0
5,3636,1,2025,3,2001,5133,Uptown,SplitLevel,Y,442183.0
6,3647,1,1200,3,1955,13612,Riverside,Bungalow,Y,432971.0
10,1210,0,313,3,2018,19849,Downtown,2Story,Y,387444.0
5,2690,2,2144,2,1958,16158,Downtown,SplitLevel,Y,403061.0
6,1416,0,1236,3,1970,11735,Uptown,Bungalow,Y,310037.0
5,4486,0,136,3,1973,3689,Downtown,1Story,Y,442063.0
5,3375,3,1029,3,1953,11763,Riverside,Bungalow,Y,416054.0
4,3152,3,2156,1,1973,9727,Rural,Bungalow,Y,351153.0
3,1996,0,661,1,2008,9764,Rural,SplitLevel,Y,243229.0
3,1940,2,2472,2,1952,15003,Downtown,2Story,Y,307500.0
4,804,3,2308,1,2017,2818,Suburb,Bungalow,Y,262382.0
9,1235,0,86,2,1989,16439,Rural,SplitLevel,Y,291069.0
2,4068,0,2123,1,1997,17077,Riverside,SplitLevel,Y,399903.0
9,2838,0,2461,3,2003,6521,Riverside,2Story,Y,456404.0
1,2463,0,1308,1,1984,3124,Downtown,SplitLevel,Y,272265.0
1,2649,0,1700,2,2005,7660,Downtown,2Story,Y,288182.0
5,2509,0,494,1,1989,7641,Downtown,1Story,Y,344137.0
6,3838,3,1647,3,2017,19513,Riverside,Bungalow,Y,508220.0
6,3414,2,1942,2,1995,3702,Suburb,SplitLevel,N,405102.0
3,3515,0,1068,3,1962,13139,Downtown,1Story,N,407104.0
7,4193,1,1424,3,1976,17702,Suburb,SplitLevel,Y,485641.0
9,3521,3,596,2,1955,8523,Suburb,SplitLevel,N,453521.0
10,3389,3,449,3,1966,14397,Riverside,1Story,Y,522807.0
8,1461,0,484,3,1985,10111,Suburb,SplitLevel,Y,350833.0
6,3489,3,645,1,1951,4401,Suburb,SplitLevel,Y,374846.0
8,4348,0,1629,3,2001,11481,Suburb,1Story,Y,498584.0
5,1526,2,661,3,2015,12067,Suburb,SplitLevel,Y,300210.0
8,2632,2,757,3,2001,15376,Downtown,2Story,Y,443121.0
10,4365,3,288,3,1992,15824,Downtown,SplitLevel,N,587863.0
4,2875,3,720,2,1971,15444,Rural,Bungalow,Y,310196.0
10,3363,1,637,1,2004,14879,Downtown,SplitLevel,Y,524223.0
8,1973,3,2282,3,2016,18112,Suburb,Bungalow,Y,440478.0
10,3001,1,2463,3,2009,2539,Suburb,Bungalow,Y,501284.0
2,2447,2,498,2,2007,12974,Uptown,SplitLevel,Y,294378.0
5,3176,2,633,3,1961,15846,Rural,1Story,Y,345657.0
9,3792,0,1673,2,2018,7615,Rural,2Story,N,463312.0
4,1677,2,2030,1,1988,18016,Rural,2Story,Y,287008.0
6,1164,1,114,1,1962,4956,Rural,SplitLevel,Y,205031.0
1,511,3,673,3,1990,10077,Downtown,1Story,Y,205513.0
9,1656,0,1736,3,2006,5722,Riverside,1Story,Y,380668.0
1,803,1,1257,3,2002,14059,Downtown,2Story,N,216422.0
5,3864,3,2253,2,1961,7087,Suburb,1Story,Y,426030.0
4,3522,0,2294,3,1962,12338,Uptown,SplitLevel,Y,395699.0
3,3871,2,146,3,2006,4170,Suburb,SplitLevel,Y,384961.0
6,2263,1,2165,1,1989,5391,Riverside,1Story,Y,361470.0
2,3330,3,411,3,1994,8942,Suburb,SplitLevel,Y,357253.0
3,542,0,1687,1,1984,15806,Riverside,Bungalow,Y,220399.0
5,1443,0,2410,3,1952,16792,Uptown,2Story,Y,327033.0
9,2890,2,1532,1,1954,14809,Riverside,SplitLevel,Y,442350.0
2,1849,3,136,3,1960,16855,Riverside,1Story,Y,251536.0
10,4385,2,18,1,2020,11108,Riverside,2Story,Y,530343.0
8,3045,2,2242,2,2005,8458,Uptown,SplitLevel,Y,498481.0
2,2911,3,2377,1,1959,4756,Suburb,2Story,Y,338813.0
5,1390,3,1959,1,1983,8853,Downtown,1Story,N,319553.0
7,2974,3,2222,1,2016,9709,Rural,Bungalow,Y,403690.0
8,1504,1,1001,3,2021,14847,Riverside,Bungalow,Y,359374.0
1,520,3,448,3,1980,19352,Uptown,SplitLevel,Y,176382.0
6,906,0,1948,3,2020,9297,Riverside,Bungalow,Y,307260.0
1,3166,2,945,2,2015,18256,Uptown,SplitLevel,Y,373790.0
2,1514,1,1377,2,2019,5203,Downtown,2Story,Y,297379.0
1,835,3,1522,1,1990,8499,Suburb,SplitLevel,Y,200232.0
5,2338,1,140,2,2012,7173,Suburb,SplitLevel,Y,302709.0
10,3688,3,1920,1,1981,19273,Downtown,SplitLevel,Y,544707.0
9,1647,1,92,1,1969,13650,Rural,Bungalow,N,312306.0
6,2946,2,238,1,2006,11173,Riverside,SplitLevel,Y,393058.0
1,3340,2,204,2,1999,9382,Uptown,1Story,Y,319810.0
1,2327,0,1456,3,1974,2801,Suburb,SplitLevel,N,230257.0
2,1214,0,244,2,1961,10234,Downtown,2Story,Y,222308.0
9,550,3,831,1,2020,15897,Suburb,1Story,Y,313316.0
3,4354,2,294,1,1988,17197,Suburb,2Story,Y,403134.0
1,823,1,855,2,1966,11969,Suburb,2Story,Y,145821.0
5,1288,1,2064,1,1994,5201,Downtown,2Story,Y,345549.0
7,640,1,70,1,1960,18733,Suburb,1Story,Y,237394.0
6,969,0,1292,2,2019,11972,Suburb,1Story,Y,287519.0
1,1286,1,1348,2,1972,2583,Riverside,Bungalow,Y,184194.0
5,2325,0,304,2,2019,14719,Downtown,1Story,Y,351285.0
5,1857,0,1030,1,1987,5377,Downtown,SplitLevel,Y,325170.0
6,2416,3,1337,1,1951,16855,Downtown,2Story,Y,416717.0
3,1463,1,816,3,2021,5401,Suburb,Bungalow,Y,259636.0
5,3555,1,1126,3,1986,15636,Rural,1Story,Y,378225.0
7,872,2,820,2,1998,17738,Uptown,2Story,Y,311378.0
5,4135,3,192,3,2001,8772,Suburb,1Story,Y,419558.0
5,3041,2,1776,1,1982,12131,Rural,Bungalow,Y,376128.0
5,4110,3,528,3,1971,2788,Suburb,1Story,Y,424643.0
10,2192,1,2218,1,1954,18184,Rural,1Story,Y,401720.0
10,3298,0,250,2,1967,4889,Downtown,2Story,Y,483304.0
3,1679,0,1788,2,1987,11569,Suburb,SplitLevel,Y,271359.0
1,2838,0,2026,1,1986,12141,Uptown,1Story,Y,306710.0
5,2171,0,2463,3,2013,13934,Uptown,Bungalow,Y,388632.0
9,3715,0,1403,2,1959,11769,Uptown,1Story,Y,477400.0
1,605,2,1167,2,1991,9612,Suburb,1Story,Y,148066.0
3,1943,3,2072,3,1997,18205,Suburb,SplitLevel,Y,350890.0
4,3217,1,1096,3,1993,15934,Riverside,2Story,Y,382568.0
1,2181,2,1847,1,1965,12095,Downtown,Bungalow,Y,290973.0
1,501,3,504,3,2003,6240,Downtown,2Story,N,190654.0
8,3136,0,1621,3,1984,12748,Downtown,2Story,Y,463189.0
2,3191,3,2383,3,1977,7298,Suburb,2Story,Y,380732.0
8,2637,3,2472,1,1951,3861,Suburb,1Story,Y,422183.0
7,3916,0,1387,1,1962,16142,Suburb,SplitLevel,Y,437376.0
10,849,0,1222,2,1990,9320,Suburb,1Story,Y,309980.0
10,4030,0,717,1,2008,13367,Riverside,Bungalow,Y,517997.0
2,1786,1,338,2,2018,19482,Downtown,SplitLevel,Y,249854.0
6,3922,0,658,3,2002,7247,Suburb,2Story,Y,425832.0
6,3679,1,961,2,1994,3734,Rural,SplitLevel,Y,399514.0
3,4157,0,428,2,1969,6663,Rural,Bungalow,Y,329858.0
2,1562,1,898,3,1973,7909,Suburb,1Story,N,236728.0
1,3456,3,138,2,2010,14818,Uptown,1Story,Y,331629.0
6,2706,2,541,1,2007,19064,Downtown,2Story,N,433924.0
5,4154,3,2104,1,1976,10163,Uptown,1Story,Y,492054.0
9,3506,3,1255,1,1975,15358,Suburb,1Story,N,481606.0
1,2859,0,2482,1,1956,8668,Downtown,Bungalow,Y,310711.0
7,3812,1,383,2,1991,15016,Riverside,SplitLevel,Y,442676.0
5,944,2,193,2,1996,10001,Rural,1Story,Y,213518.0
5,2845,0,2232,3,2002,11921,Downtown,Bungalow,N,428638.0
2,1451,0,1895,2,2008,4191,Downtown,Bungalow,Y,244659.0
3,535,0,2339,2,1987,10859,Downtown,2Story,Y,244750.0
7,1607,3,731,2,2018,10872,Rural,Bungalow,N,317726.0
6,1975,1,2163,3,2002,6922,Downtown,2Story,Y,402808.0
2,4457,1,684,1,1964,6392,Suburb,1Story,Y,373572.0
6,2298,2,81,2,1975,15541,Downtown,2Story,N,342558.0
2,2345,1,2380,3,1997,17015,Uptown,Bungalow,Y,357174.0
2,1908,1,2382,3,1968,5227,Uptown,SplitLevel,Y,290828.0
2,1695,0,531,3,1958,4024,Uptown,SplitLevel,Y,210997.0
3,1899,0,1983,1,2013,18713,Downtown,1Story,Y,324712.0
2,2208,3,220,2,2003,4486,Riverside,1Story,Y,249089.0
4,1885,0,634,3,2000,3155,Rural,SplitLevel,N,237762.0
9,3106,0,1769,1,1988,12082,Riverside,2Story,Y,455817.0
6,3438,0,2370,3,1953,6477,Suburb,1Story,Y,395054.0
1,2688,0,1874,3,1952,9086,Suburb,Bungalow,Y,272198.0
8,3434,3,2,3,2013,4317,Uptown,1Story,Y,453674.0
7,4489,0,1717,3,1978,5621,Downtown,2Story,Y,508413.0
10,3689,2,205,3,1960,6491,Suburb,1Story,Y,442816.0
3,1800,2,1855,1,2007,17916,Uptown,Bungalow,Y,291992.0
1,3273,2,39,2,1976,17248,Uptown,Bungalow,Y,319022.0
5,1743,2,2106,2,1970,4511,Riverside,Bungalow,Y,319725.0
4,4476,0,643,2,1988,11546,Rural,2Story,Y,396369.0
10,3597,2,1530,2,1995,17612,Suburb,2Story,Y,508876.0
8,1020,0,1907,1,2015,9848,Downtown,Bungalow,Y,344607.0
1,2306,3,2143,1,1985,16274,Suburb,Bungalow,Y,287397.0
10,509,2,897,1,2014,19677,Suburb,2Story,Y,334695.0
1,1483,1,1085,3,2012,4465,Suburb,2Story,Y,215934.0
4,2925,2,1279,3,1984,18304,Downtown,2Story,Y,402016.0
8,2156,2,2395,3,1980,17669,Rural,SplitLevel,Y,401552.0
5,2160,0,670,2,1977,13294,Uptown,2Story,Y,356744.0
2,3229,2,1505,3,1950,5175,Riverside,Bungalow,Y,331076.0
6,3131,1,2364,2,1974,9849,Uptown,SplitLevel,Y,436336.0
5,2699,0,718,3,1992,14473,Uptown,2Story,Y,366557.0
2,1219,0,1071,2,2016,11425,Rural,Bungalow,Y,199108.0
3,1572,3,1955,3,2012,14222,Riverside,1Story,Y,323538.0
9,3725,3,1159,3,2000,10444,Rural,SplitLevel,Y,465824.0
7,1358,2,249,1,1951,10210,Riverside,Bungalow,N,273809.0
7,1816,3,2361,3,2013,4759,Riverside,1Story,Y,409296.0
6,2103,3,1892,3,2018,18091,Riverside,Bungalow,N,385784.0
8,549,3,1853,1,1958,2002,Suburb,2Story,Y,306414.0
4,3211,0,1503,2,1951,19643,Downtown,2Story,Y,403727.0
8,3078,0,1234,1,1983,10190,Downtown,1Story,Y,444456.0
4,4183,0,43,1,2009,17248,Downtown,2Story,Y,406813.0
8,3631,3,582,2,2010,7773,Downtown,Bungalow,Y,509134.0
9,3738,0,1288,3,1980,14786,Downtown,1Story,Y,542780.0
3,3773,3,219,2,1959,17037,Suburb,Bungalow,Y,366774.0
3,3404,0,1925,3,1985,3885,Suburb,Bungalow,Y,343919.0
2,645,0,2448,3,1998,9060,Uptown,Bungalow,Y,226045.0
10,1414,1,990,2,2019,18331,Suburb,2Story,Y,393771.0
3,4247,2,1812,1,1998,9844,Rural,2Story,Y,378023.0
3,3540,3,857,2,1952,15450,Uptown,Bungalow,Y,402103.0
5,1962,1,803,3,1954,11491,Rural,SplitLevel,N,291067.0
5,2789,0,489,2,2010,11268,Riverside,Bungalow,Y,360031.0
2,1080,3,1780,2,1975,11139,Downtown,Bungalow,Y,264334.0
10,3234,0,1493,3,2021,8791,Downtown,1Story,Y,522817.0
6,2084,2,1705,1,1954,9171,Suburb,Bungalow,N,344336.0
5,982,1,2314,2,1964,19253,Downtown,2Story,Y,321764.0
6,3679,2,53,3,1965,2093,Rural,1Story,Y,373321.0
1,1749,1,615,3,1950,4987,Suburb,SplitLevel,Y,212547.0
5,1172,0,1082,2,1965,14847,Suburb,1Story,Y,241739.0
9,1130,2,1848,1,1986,11967,Downtown,SplitLevel,Y,394747.0
10,3208,2,954,2,1952,18218,Suburb,1Story,Y,453318.0
2,1161,0,2433,1,2001,12452,Rural,1Story,N,179617.0
1,4003,2,1629,1,1996,10627,Rural,SplitLevel,Y,350670.0
10,3352,3,649,1,1962,6947,Downtown,2Story,Y,511426.0
9,4226,1,2347,1,2004,8651,Downtown,2Story,Y,555494.0
10,2966,1,394,2,1970,5144,Downtown,2Story,Y,486313.0
9,1487,1,1359,3,2015,18460,Downtown,1Story,Y,401502.0
9,4026,3,2443,3,2003,10959,Riverside,Bungalow,Y,562552.0
6,3731,1,370,3,1976,10297,Downtown,1Story,Y,450977.0
8,2046,0,857,3,1987,8694,Uptown,Bungalow,Y,334687.0
1,1149,2,790,3,2007,17835,Riverside,Bungalow,Y,230483.0
10,1468,3,657,3,2011,5346,Downtown,2Story,Y,404332.0
4,3137,1,1392,2,1995,13340,Suburb,Bungalow,Y,350359.0
1,1600,0,383,1,1960,2244,Riverside,1Story,Y,175943.0
8,3056,2,2109,3,2021,4625,Uptown,1Story,N,444113.0
1,940,2,238,2,1957,5849,Suburb,2Story,Y,143214.0
3,3825,3,194,3,2020,11597,Uptown,SplitLevel,Y,385616.0
4,1420,3,2108,3,2013,9737,Uptown,1Story,N,325622.0
8,1269,3,1152,1,1970,16024,Suburb,Bungalow,Y,340436.0
6,1843,0,2015,1,2021,14000,Riverside,1Story,N,338737.0
10,2326,0,155,1,2012,10333,Suburb,1Story,Y,405076.0
7,762,3,922,3,2013,19276,Suburb,1Story,Y,315722.0
8,4168,1,1609,3,1969,9310,Riverside,SplitLevel,Y,507739.0
2,4229,2,974,3,1957,4399,Uptown,Bungalow,N,372183.0
10,4406,2,1230,1,2007,6640,Suburb,2Story,Y,502441.0
8,2077,0,2435,2,1995,12391,Downtown,1Story,N,415841.0
3,3945,2,1814,3,1980,19853,Rural,Bungalow,Y,388895.0
7,3184,1,837,3,1958,12892,Uptown,Bungalow,Y,453247.0
3,3738,2,2007,3,1964,13197,Rural,2Story,Y,380737.0
7,4324,0,1363,2,1975,15050,Riverside,1Story,Y,481958.0
2,3006,0,2387,3,1959,5374,Riverside,SplitLevel,N,327956.0
10,1498,1,203,2,1978,14911,Suburb,Bungalow,N,363822.0
6,3851,1,160,3,1985,10847,Downtown,2Story,Y,460527.0
3,1199,2,391,2,1986,16785,Suburb,SplitLevel,Y,258776.0
3,2849,2,768,3,2020,12960,Rural,Bungalow,Y,301654.0
9,4102,0,1093,1,1972,15535,Rural,1Story,Y,468998.0
7,2103,1,404,1,1990,10234,Suburb,Bungalow,Y,324753.0
5,1741,1,607,1,1977,12503,Suburb,SplitLevel,Y,281654.0
10,1625,1,1614,1,1997,7122,Suburb,SplitLevel,Y,372073.0
7,3101,2,1540,3,1987,11852,Suburb,1Story,Y,431103.0
9,2835,1,1837,1,1980,7387,Suburb,1Story,Y,431919.0
1,1690,0,689,2,1963,9631,Downtown,2Story,Y,238975.0
7,3168,0,1240,1,2022,9226,Suburb,1Story,Y,406399.0
6,1505,2,2103,1,1978,7108,Suburb,2Story,Y,277605.0
10,535,3,365,1,2000,4110,Rural,SplitLevel,Y,278736.0
9,1243,2,1722,3,1998,2957,Downtown,SplitLevel,Y,417697.0
1,2264,3,454,1,1992,9146,Uptown,Bungalow,Y,268646.0
4,852,1,103,2,2021,2560,Rural,Bungalow,Y,199537.0
9,4247,2,76,1,1954,3312,Rural,2Story,Y,434470.0
4,2422,0,229,1,1991,13595,Uptown,1Story,N,275903.0
10,572,1,1937,1,1956,7374,Suburb,1Story,Y,310567.0
3,3195,0,2378,2,1991,4651,Suburb,Bungalow,Y,340185.0
9,1876,1,1205,1,1985,12006,Riverside,SplitLevel,Y,383346.0
2,2414,2,892,2,1976,11933,Uptown,2Story,Y,284530.0
4,1593,3,1573,2,2007,18172,Riverside,SplitLevel,Y,329301.0
6,2972,1,2074,1,1995,4877,Uptown,SplitLevel,Y,402832.0
2,3546,3,1675,2,2015,6083,Downtown,1Story,Y,426472.0
8,1207,1,298,3,1974,2745,Downtown,2Story,Y,312509.0
8,2304,0,956,1,2022,10749,Rural,SplitLevel,Y,346249.0
1,3108,0,1114,1,1976,19325,Suburb,Bungalow,Y,299173.0
3,3375,1,1474,2,1950,19323,Suburb,Bungalow,Y,370714.0
10,4213,3,364,2,1991,19994,Uptown,1Story,N,546832.0
9,1455,2,1698,1,2001,3725,Suburb,Bungalow,Y,363185.0
5,3064,2,350,3,1974,14213,Suburb,Bungalow,Y,376339.0
6,2975,0,2300,2,2003,11528,Uptown,SplitLevel,Y,398092.0
4,4110,2,1904,2,2016,16162,Uptown,Bungalow,N,457257.0
10,659,0,1011,3,1955,10853,Suburb,Bungalow,Y,312755.0
2,2696,2,498,3,2007,9187,Uptown,SplitLevel,Y,323389.0
8,3323,1,949,1,2019,2032,Riverside,1Story,Y,439578.0
6,3801,0,1994,3,2002,16893,Suburb,1Story,Y,463437.0
5,2235,0,2046,1,2015,16408,Downtown,2Story,Y,407021.0
9,2085,1,507,3,2007,17160,Downtown,Bungalow,Y,423724.0
1,566,0,1327,2,1951,5414,Suburb,SplitLevel,Y,141809.0
5,3561,2,165,1,1971,19540,Suburb,2Story,Y,407285.0
6,4383,2,919,1,1986,14120,Riverside,1Story,Y,450445.0
5,2928,0,113,1,1969,3543,Uptown,1Story,Y,333336.0
6,557,2,991,3,1973,2271,Uptown,SplitLevel,Y,240556.0
6,3830,3,1951,2,2014,7295,Riverside,2Story,Y,514596.0
7,841,0,2254,1,2014,16963,Riverside,2Story,Y,329810.0
4,4409,1,1258,1,1950,13580,Suburb,SplitLevel,Y,419831.0
8,1653,3,514,1,1952,14597,Downtown,SplitLevel,Y,346590.0
7,3274,0,1231,1,1995,14045,Uptown,2Story,Y,422690.0
9,1695,1,708,2,2004,15603,Suburb,1Story,Y,362493.0
7,3317,2,2185,3,2013,11937,Suburb,Bungalow,Y,492437.0
3,3161,1,338,2,1994,16830,Rural,1Story,Y,314998.0
3,1732,3,67,1,1975,8722,Riverside,SplitLevel,Y,233389.0
8,4374,2,1596,2,2014,10201,Suburb,2Story,Y,528034.0
5,2901,0,1564,1,1973,6144,Uptown,2Story,Y,339407.0
4,1994,2,382,3,1984,7606,Suburb,Bungalow,Y,263479.0
8,2321,0,18,3,1973,8766,Rural,2Story,Y,327865.0
6,615,0,2121,3,1977,19114,Downtown,Bungalow,Y,326188.0
2,3835,1,572,1,1965,17928,Riverside,1Story,N,357638.0
4,1161,1,1299,2,2008,3648,Downtown,1Story,Y,308901.0
4,4383,1,2258,3,2003,4130,Uptown,2Story,Y,473851.0
6,1965,3,1943,1,1965,16392,Downtown,2Story,Y,393574.0
6,4119,3,650,1,1964,12588,Suburb,SplitLevel,Y,424387.0
1,3000,1,1645,2,1960,6366,Suburb,SplitLevel,N,294313.0
8,2368,3,993,3,2014,3506,Suburb,2Story,Y,379787.0
6,4048,2,1338,1,2017,17222,Downtown,2Story,Y,531639.0
3,2834,2,900,2,1992,14363,Suburb,1Story,Y,345076.0
9,3874,3,1684,3,2018,13795,Uptown,2Story,Y,597689.0
2,1516,3,1585,2,1962,11858,Rural,SplitLevel,Y,227307.0
8,810,2,1923,2,1959,14616,Downtown,1Story,N,362436.0
10,707,0,1781,1,1990,6136,Uptown,Bungalow,Y,336551.0
3,3165,2,1136,1,1999,15478,Downtown,SplitLevel,Y,386063.0
5,2993,2,2217,1,2020,13161,Suburb,SplitLevel,Y,386923.0
6,3217,3,1944,2,2008,4689,Suburb,1Story,Y,405533.0
10,1132,2,1037,1,1988,4810,Rural,Bungalow,N,309457.0
6,2602,3,1738,2,1952,13663,Suburb,SplitLevel,Y,385227.0
4,3459,3,287,2,1956,8152,Riverside,2Story,Y,359873.0
3,3583,1,2236,1,1998,2012,Suburb,SplitLevel,Y,353722.0
4,1156,2,1590,3,1975,13162,Suburb,1Story,Y,272110.0
1,1923,0,1745,3,1982,9999,Suburb,1Story,Y,225867.0
4,2431,1,1098,3,1997,9219,Riverside,1Story,Y,343943.0
1,4219,3,2324,2,1951,7328,Rural,SplitLevel,Y,340886.0
1,3527,3,939,2,2020,5621,Uptown,Bungalow,Y,363034.0
10,3062,0,1448,2,1981,13665,Riverside,2Story,Y,456907.0
6,2179,3,570,1,1953,13314,Riverside,1Story,Y,329918.0
5,4113,2,1000,2,1969,2652,Uptown,Bungalow,Y,400460.0
4,736,1,1205,1,1985,18182,Downtown,2Story,Y,260949.0
3,3850,3,917,1,1981,10812,Uptown,1Story,Y,423419.0
1,847,3,1874,3,1977,5790,Suburb,2Story,Y,225810.0
6,3174,0,832,3,1950,17659,Uptown,2Story,Y,409560.0
2,3675,2,2240,3,2009,3645,Rural,Bungalow,Y,323077.0
8,1129,3,1678,1,2005,12435,Uptown,2Story,Y,379466.0
10,2040,0,615,1,1984,5688,Suburb,1Story,Y,371617.0
5,2503,3,405,1,1979,9689,Rural,Bungalow,N,286901.0
7,4443,0,1749,2,2003,3379,Riverside,SplitLevel,Y,511424.0
10,1771,0,92,1,1985,6243,Downtown,SplitLevel,Y,388341.0
2,863,2,2477,3,2004,12237,Suburb,Bungalow,N,265984.0
8,2868,3,653,3,2007,18330,Rural,SplitLevel,Y,394310.0
2,4204,2,433,1,2014,7611,Riverside,2Story,Y,364585.0
4,785,0,1135,1,2018,14516,Downtown,1Story,N,234664.0
1,648,1,374,3,2000,15886,Downtown,2Story,Y,198674.0
5,1607,3,1066,1,1971,15716,Downtown,Bungalow,Y,360402.0
9,2953,1,206,3,2002,7912,Downtown,1Story,N,441649.0
1,3525,3,779,2,1985,8449,Riverside,Bungalow,Y,335595.0
9,955,2,1319,3,2017,3725,Uptown,Bungalow,N,361852.0
8,2266,2,1141,2,1985,17870,Rural,Bungalow,Y,381402.0
6,1299,2,531,1,2001,11304,Suburb,2Story,Y,251769.0
7,1684,2,2213,1,2002,9522,Uptown,1Story,Y,391359.0
3,1512,2,89,2,1999,15663,Downtown,1Story,N,264306.0
1,3331,1,1117,1,1990,6784,Suburb,1Story,Y,298185.0
5,3007,2,12,2,1967,11472,Suburb,2Story,Y,369207.0
2,4121,0,1857,1,1971,19616,Downtown,SplitLevel,Y,412272.0
5,2023,0,804,3,2015,12055,Suburb,2Story,Y,290949.0
8,3285,1,944,1,1970,14676,Suburb,2Story,Y,403460.0
9,3056,3,1857,3,1993,9446,Downtown,Bungalow,N,506852.0
2,4225,0,1610,3,1996,6725,Downtown,1Story,Y,413447.0
3,4375,3,1959,2,1988,16769,Uptown,1Story,Y,470251.0
3,980,1,1052,1,1978,3409,Downtown,SplitLevel,Y,225434.0
1,2186,3,295,2,2003,10205,Riverside,SplitLevel,Y,287959.0
8,2661,3,925,1,1966,18365,Downtown,Bungalow,Y,448574.0
6,3296,3,639,3,2009,2256,Uptown,1Story,Y,402699.0
8,2101,3,2387,3,1980,17704,Riverside,SplitLevel,Y,456099.0
9,2908,1,627,1,2022,19807,Riverside,SplitLevel,Y,483385.0
5,840,0,2486,1,1998,4990,Riverside,1Story,Y,270129.0
3,3317,2,1167,2,1951,3195,Suburb,2Story,Y,338356.0
5,2510,3,941,1,1997,3244,Suburb,SplitLevel,Y,326138.0
5,3308,0,829,1,1963,13415,Suburb,1Story,Y,353906.0
5,3516,0,1770,1,2008,8766,Downtown,SplitLevel,Y,436872.0
3,2996,1,975,2,2007,13662,Downtown,Bungalow,Y,388850.0
10,2366,0,954,1,2007,18210,Riverside,SplitLevel,Y,440315.0
4,1334,1,1262,3,2000,19690,Rural,1Story,Y,280416.0
9,1703,3,951,2,1951,12313,Rural,SplitLevel,Y,343932.0
10,2225,3,943,2,1990,4402,Riverside,Bungalow,Y,417013.0
9,3978,2,2202,3,1965,18880,Rural,Bungalow,Y,488254.0
2,2189,2,1204,3,1953,15275,Rural,SplitLevel,Y,269804.0
8,3767,2,2135,3,1961,16915,Uptown,SplitLevel,Y,534664.0
8,4037,0,1534,1,1978,2909,Downtown,Bungalow,Y,464809.0
7,810,3,1096,3,1956,17806,Suburb,Bungalow,Y,303836.0
8,761,1,178,1,1963,2372,Riverside,2Story,Y,263275.0
3,1942,2,2259,2,1961,3344,Riverside,2Story,Y,288033.0
6,905,1,1828,2,1954,10515,Riverside,Bungalow,N,258152.0
1,2690,1,1257,3,1981,4431,Suburb,SplitLevel,N,255432.0
7,841,2,464,1,1992,12585,Riverside,1Story,Y,276712.0
1,1839,3,1774,3,2018,17462,Downtown,SplitLevel,Y,301421.0
9,3672,2,1230,3,1994,3695,Downtown,SplitLevel,Y,531738.0
1,743,1,884,1,1958,3907,Suburb,2Story,Y,143050.0
1,989,2,2413,3,1998,19164,Suburb,2Story,Y,233839.0
7,511,1,2323,2,1982,3019,Suburb,2Story,N,236635.0
2,3810,1,2427,3,1967,13457,Suburb,Bungalow,Y,382889.0
5,1060,2,1332,1,1958,3403,Downtown,Bungalow,N,280260.0
8,541,0,1654,1,2011,19810,Suburb,SplitLevel,Y,288809.0
8,3225,2,944,2,2006,10855,Uptown,SplitLevel,Y,446088.0
3,1093,0,924,1,1978,7868,Rural,1Story,Y,165952.0
7,1952,1,1938,1,1974,12839,Downtown,SplitLevel,N,384605.0
3,2326,1,493,2,1964,2010,Suburb,SplitLevel,Y,230006.0
6,3729,0,1546,3,1955,8330,Rural,2Story,Y,407320.0
6,3787,1,1969,2,1991,17061,Suburb,2Story,Y,435820.0
3,2193,0,1094,3,1978,11230,Suburb,2Story,Y,274398.0
7,4033,0,2411,2,1953,9464,Rural,2Story,Y,450850.0
3,633,1,1825,3,2006,16746,Riverside,2Story,Y,252114.0
8,3638,3,762,2,1998,5003,Downtown,1Story,Y,511676.0
10,4419,0,2323,3,1993,9195,Suburb,1Story,Y,578503.0
4,3578,2,49,2,1963,15662,Suburb,1Story,Y,345268.0
1,1447,2,905,3,1952,15739,Rural,2Story,Y,200424.0
4,4097,1,563,2,2011,17588,Downtown,Bungalow,Y,469159.0
7,572,3,782,1,2013,3789,Downtown,2Story,Y,299046.0
4,898,1,2040,3,1994,9598,Suburb,2Story,Y,253344.0
6,1928,3,1831,2,2007,6838,Riverside,1Story,N,335321.0
9,4246,0,583,3,1969,7872,Uptown,2Story,N,507414.0
1,3125,0,1319,3,2007,13367,Rural,1Story,Y,244382.0
5,3406,0,235,2,2006,6299,Uptown,2Story,Y,394811.0
7,629,0,2103,3,2017,19357,Downtown,SplitLevel,Y,324525.0
1,3478,2,1942,2,2001,9083,Riverside,Bungalow,Y,382915.0
4,4037,2,359,1,1986,7494,Rural,Bungalow,Y,362200.0
6,3777,1,1930,3,1957,13317,Suburb,1Story,Y,459545.0
2,2311,3,109,1,1993,5129,Uptown,SplitLevel,Y,265687.0
10,2501,0,191,3,1954,2104,Uptown,Bungalow,Y,384729.0
5,4339,0,903,3,2018,9433,Uptown,1Story,Y,433800.0
10,765,3,1116,3,1980,9689,Downtown,2Story,Y,405297.0
1,2060,3,861,2,1994,5567,Riverside,2Story,Y,274015.0
6,2485,1,1083,1,1958,19565,Riverside,SplitLevel,Y,377559.0
6,1292,3,649,3,1981,6644,Suburb,Bungalow,Y,301678.0
4,2800,0,38,2,1982,16966,Downtown,2Story,N,348967.0
8,3369,0,636,3,2016,13330,Downtown,1Story,Y,471435.0
4,1812,0,1036,2,1979,6394,Riverside,2Story,Y,283226.0
8,663,0,35,3,1978,5534,Rural,2Story,Y,214013.0
8,594,0,2148,1,1952,14388,Suburb,Bungalow,Y,281671.0
5,2305,1,1361,1,2006,13319,Suburb,Bungalow,Y,380423.0
4,3380,0,1983,3,1979,8475,Suburb,1Story,Y,378556.0
2,1633,1,165,2,1958,16728,Rural,SplitLevel,Y,158033.0
3,2883,0,2430,3,1975,14006,Suburb,SplitLevel,Y,342545.0
3,1321,2,1879,2,1951,18150,Riverside,2Story,Y,260897.0
4,737,2,30,3,2011,2446,Rural,1Story,Y,184492.0
4,2928,2,10,2,1952,2108,Uptown,SplitLevel,Y,313662.0
10,4007,2,2011,1,1995,5239,Suburb,SplitLevel,N,513786.0
5,3446,1,2143,3,2017,7931,Downtown,2Story,Y,446289.0
4,3030,1,2239,1,1974,6053,Suburb,1Story,Y,356667.0
10,2460,3,485,1,2000,15746,Suburb,SplitLevel,Y,426208.0
8,3449,0,1289,3,1962,3245,Suburb,Bungalow,Y,432296.0
6,1548,2,1447,3,1993,15839,Riverside,Bungalow,Y,379967.0
6,2176,1,2285,2,1984,14856,Suburb,2Story,Y,349548.0
8,3688,0,1943,2,2004,7105,Downtown,2Story,Y,510415.0
7,3029,0,1963,1,1958,4922,Downtown,2Story,Y,384846.0
10,3963,1,1851,2,1951,4513,Suburb,2Story,Y,499563.0
10,3464,2,1469,2,2010,4801,Riverside,SplitLevel,Y,513535.0
8,3541,3,1366,3,1990,15895,Suburb,1Story,Y,476697.0
2,1463,0,990,2,1993,8981,Suburb,2Story,Y,187826.0
9,1036,3,824,1,2013,10221,Rural,2Story,Y,311121.0
1,3650,2,1462,2,1980,8038,Suburb,SplitLevel,Y,362029.0
8,2103,2,2153,1,1996,17082,Suburb,2Story,N,394951.0
4,3744,3,2228,3,1951,16648,Downtown,2Story,Y,477131.0
4,2479,2,2231,1,2018,2364,Suburb,1Story,Y,356814.0
5,3583,0,225,2,2007,3800,Downtown,Bungalow,N,430437.0
8,4371,3,776,3,1993,16110,Downtown,2Story,Y,542206.0
5,627,2,1112,2,2005,7958,Uptown,SplitLevel,Y,250925.0
8,4179,3,687,3,1992,11096,Downtown,1Story,Y,533445.0
10,591,0,529,3,1983,9436,Uptown,SplitLevel,Y,335371.0
1,4224,2,971,2,1979,14638,Uptown,1Story,Y,355586.0
10,1042,0,935,2,2020,2179,Suburb,1Story,Y,342085.0
9,1345,2,1422,3,2019,5873,Suburb,2Story,Y,373148.0
6,4103,1,2153,3,2004,19570,Downtown,2Story,Y,517271.0
3,2181,2,1294,2,2016,17455,Uptown,2Story,Y,342200.0
8,3536,3,1998,1,1962,19157,Rural,Bungalow,Y,466120.0
9,2351,2,1526,2,1952,14797,Rural,Bungalow,Y,400041.0
6,2994,0,678,3,1975,6460,Downtown,SplitLevel,Y,397641.0
7,889,0,2440,2,2006,17316,Riverside,2Story,Y,338359.0
1,3219,2,39,1,1973,2352,Downtown,Bungalow,Y,308578.0
5,2384,3,1105,2,2002,7344,Suburb,2Story,Y,367304.0
5,542,1,844,3,2019,6507,Suburb,Bungalow,N,232869.0
10,753,3,1743,2,1992,6830,Downtown,Bungalow,Y,402798.0
4,3701,1,2248,3,2009,13220,Suburb,1Story,Y,439435.0
6,1583,0,446,3,2007,2117,Uptown,2Story,N,324639.0
7,3210,3,1234,2,1998,18865,Uptown,2Story,Y,460140.0
9,3014,1,2491,3,1991,6287,Riverside,Bungalow,Y,506706.0
1,2834,2,1350,3,2015,6477,Suburb,2Story,Y,344152.0
6,3558,0,226,1,1960,8533,Rural,Bungalow,Y,331179.0
7,2040,2,47,1,1967,18627,Downtown,2Story,Y,366929.0
3,4038,0,1462,1,2001,14755,Suburb,1Story,Y,381336.0
8,2453,3,1830,1,1995,2865,Downtown,2Story,Y,450166.0
5,3325,3,186,3,1993,13173,Suburb,1Story,Y,367329.0
9,2892,0,2392,2,1971,7329,Suburb,SplitLevel,Y,430701.0
5,1141,0,2271,3,2002,2603,Suburb,2Story,Y,272575.0
9,2929,0,1932,3,2008,7756,Rural,2Story,Y,414353.0
10,4350,3,848,3,1979,13254,Riverside,2Story,Y,560224.0
4,1189,1,2032,2,1957,6018,Suburb,1Story,Y,242823.0
9,1776,2,1252,1,2006,7192,Riverside,2Story,Y,401969.0
5,2450,2,1413,3,2022,4015,Uptown,2Story,Y,385706.0
10,1579,3,978,3,1969,11850,Suburb,Bungalow,Y,421431.0
9,1986,2,1612,1,1974,5380,Rural,SplitLevel,Y,363439.0
3,956,0,1016,3,1968,5770,Downtown,1Story,Y,218491.0
4,1482,1,2235,2,1954,7829,Uptown,Bungalow,Y,289603.0
9,2630,2,1881,3,2021,3613,Rural,1Story,N,405846.0
10,4476,1,269,3,1976,15147,Riverside,Bungalow,N,540909.0
6,1622,0,1630,1,1989,17545,Rural,SplitLevel,Y,299226.0
2,648,2,309,3,1975,7372,Uptown,Bungalow,Y,196166.0
7,1852,3,2043,3,1976,12538,Uptown,1Story,Y,404154.0
2,1679,1,1574,2,2011,2148,Suburb,2Story,Y,242498.0
2,689,0,1095,1,1999,3754,Suburb,2Story,Y,173285.0
1,4065,1,1695,1,1991,9378,Suburb,SplitLevel,N,339308.0
3,1382,2,1445,2,1978,15591,Suburb,1Story,Y,238841.0
6,2810,2,2167,3,1988,11371,Suburb,1Story,Y,421015.0
8,3651,3,219,1,2009,14779,Riverside,1Story,Y,481681.0
9,899,0,52,1,1990,11795,Suburb,SplitLevel,Y,307029.0
7,3311,0,1757,3,1982,7692,Riverside,2Story,Y,401964.0
4,1108,3,1474,3,1965,6218,Uptown,Bungalow,Y,280742.0
6,3831,3,1666,1,1972,6803,Rural,SplitLevel,Y,412430.0
5,2295,0,1260,3,1956,13672,Riverside,Bungalow,Y,315070.0
8,2138,1,719,1,1975,5182,Suburb,2Story,Y,343944.0
1,2075,1,405,3,1961,13009,Riverside,SplitLevel,Y,263842.0
1,3332,3,2469,3,2021,16328,Suburb,2Story,Y,413724.0
6,2648,1,2294,2,1954,4586,Suburb,Bungalow,Y,383335.0
10,1882,0,71,3,2018,4648,Suburb,1Story,Y,366435.0
2,1903,2,1853,2,1998,9313,Suburb,1Story,Y,295017.0
5,1319,2,2232,3,1975,14544,Rural,Bungalow,Y,297172.0
1,3792,1,2053,1,1954,9407,Suburb,1Story,Y,329665.0
7,1319,3,1229,1,1971,19254,Suburb,Bungalow,Y,321579.0
1,919,3,1567,3,1962,17234,Riverside,SplitLevel,Y,227808.0
4,623,3,386,3,1977,17012,Rural,SplitLevel,Y,187840.0
9,921,3,1791,1,1982,11735,Suburb,SplitLevel,N,335016.0
1,3802,3,698,3,1972,15425,Rural,1Story,Y,334109.0
4,4261,1,1200,2,1967,17698,Uptown,2Story,Y,458580.0
6,3634,2,826,2,1979,17321,Riverside,1Story,Y,438389.0
6,2008,2,1822,2,1975,14646,Suburb,1Story,Y,375175.0
8,4199,1,348,2,1965,6893,Downtown,2Story,Y,502496.0
1,4274,3,1278,2,1988,11476,Suburb,2Story,Y,396679.0
7,2097,1,307,3,1982,19270,Suburb,2Story,Y,340195.0
1,1267,2,1150,3,1975,6382,Riverside,2Story,Y,246874.0
7,2544,0,1960,2,1997,3785,Suburb,1Story,N,377198.0
3,3030,1,2334,3,2014,15030,Riverside,Bungalow,Y,387085.0
8,3066,3,765,3,1987,13735,Suburb,SplitLevel,Y,437996.0
3,2702,2,724,2,1951,18679,Riverside,Bungalow,Y,325752.0
1,2639,2,1619,3,1955,12245,Downtown,1Story,Y,312117.0
8,3529,2,382,3,1995,4597,Riverside,2Story,Y,472955.0
3,2049,2,2435,3,1999,19064,Riverside,SplitLevel,Y,336952.0
2,3002,3,524,2,1987,2324,Riverside,SplitLevel,Y,324523.0
1,2264,0,275,3,1967,17160,Downtown,Bungalow,Y,266111.0
3,2544,2,336,1,1976,14614,Downtown,1Story,Y,338423.0
2,3145,1,1973,1,1990,2986,Rural,1Story,Y,301015.0
2,4216,0,480,2,2021,2760,Downtown,1Story,Y,380261.0
6,1009,2,910,1,1966,13885,Downtown,SplitLevel,Y,304814.0
1,1706,0,1996,2,2011,11228,Suburb,Bungalow,N,209241.0
2,885,1,1351,1,1978,19290,Suburb,SplitLevel,Y,228538.0
6,2097,2,2033,1,2007,7499,Suburb,SplitLevel,Y,371364.0
3,4302,1,1754,1,2019,2364,Downtown,2Story,Y,418003.0
4,2952,3,108,2,1971,10027,Downtown,Bungalow,Y,358857.0
1,2793,2,327,2,1955,15532,Suburb,2Story,Y,270931.0
8,1241,2,1799,3,1975,16408,Rural,1Story,N,319928.0
7,4162,2,314,2,1988,18105,Downtown,SplitLevel,Y,494457.0
7,3208,2,1134,1,1961,9939,Suburb,Bungalow,Y,389155.0
3,3197,3,780,1,1963,15936,Riverside,1Story,Y,366164.0
10,4042,2,1520,2,1971,11261,Riverside,Bungalow,Y,566994.0
10,4397,0,155,2,2000,17863,Riverside,SplitLevel,Y,534549.0
3,2411,2,1496,2,1972,14561,Riverside,Bungalow,Y,325591.0
2,1946,3,1724,3,1997,12447,Suburb,1Story,Y,290328.0
1,1400,2,886,1,2020,16172,Rural,2Story,N,166527.0
7,2612,0,721,3,1999,13878,Suburb,SplitLevel,Y,368517.0
7,3584,3,912,3,1962,14411,Rural,2Story,Y,439618.0
2,2760,3,870,1,1959,7448,Suburb,SplitLevel,N,252009.0
7,2509,0,12,1,2004,4107,Rural,1Story,Y,302647.0
8,741,0,497,2,1958,9928,Suburb,SplitLevel,Y,264406.0
1,3040,0,1756,2,2001,17234,Downtown,2Story,Y,350247.0
9,3784,0,2285,3,1951,18310,Uptown,SplitLevel,Y,533496.0
7,4264,0,1117,2,1974,15528,Downtown,1Story,N,493269.0
3,2885,3,1194,2,1962,15313,Suburb,SplitLevel,N,327315.0
8,2520,3,2004,1,2000,3559,Downtown,2Story,N,432169.0
7,672,2,1647,1,2007,17167,Suburb,1Story,Y,321226.0
8,1171,2,1590,2,1983,17343,Downtown,2Story,Y,396735.0
6,663,1,1490,1,1984,7830,Riverside,SplitLevel,N,300375.0
9,964,2,142,2,1952,9523,Suburb,Bungalow,N,290530.0
5,3542,2,1224,1,2008,19009,Suburb,2Story,Y,408630.0
3,996,0,564,1,2019,17524,Suburb,SplitLevel,Y,218844.0
3,1199,0,2431,1,1997,15285,Rural,Bungalow,Y,227028.0
1,2942,2,1715,1,2013,12973,Uptown,Bungalow,Y,345015.0
8,1202,1,416,2,1968,5006,Rural,1Story,Y,275046.0
2,2440,0,1848,3,2016,6302,Uptown,Bungalow,N,316813.0
3,2855,2,2355,1,2022,19472,Riverside,2Story,N,395058.0
8,2291,2,1717,2,1954,6611,Riverside,2Story,Y,418582.0
8,682,3,1390,2,2016,11372,Rural,Bungalow,Y,313556.0
4,1128,1,1067,1,1960,16080,Suburb,SplitLevel,Y,202580.0
4,4365,3,1866,3,2017,17082,Rural,2Story,Y,454604.0
5,3057,1,1121,1,2018,16641,Suburb,2Story,Y,366068.0
6,2231,0,1288,2,1950,12093,Uptown,1Story,Y,362436.0
5,1045,1,1806,3,2012,10378,Uptown,SplitLevel,N,263527.0
7,2087,2,2187,2,1978,3597,Uptown,Bungalow,N,402359.0
2,1123,2,1504,1,1961,13600,Uptown,SplitLevel,Y,221575.0
7,4335,1,1016,3,1990,5747,Downtown,1Story,Y,491958.0
10,1093,1,952,2,1951,15879,Downtown,1Story,N,376617.0
7,1243,1,71,2,1986,15017,Suburb,SplitLevel,Y,284511.0
1,3798,3,1690,2,1994,9432,Riverside,1Story,Y,408729.0
7,2268,1,1291,1,1997,6725,Uptown,1Story,Y,395193.0
5,4304,0,1344,3,1973,12437,Rural,1Story,Y,400493.0
3,1959,3,2154,1,1971,15269,Uptown,SplitLevel,Y,341666.0
3,2448,3,882,1,1960,15092,Uptown,1Story,Y,315739.0
4,3993,1,138,1,2007,9002,Riverside,Bungalow,N,377669.0
2,3101,0,2320,3,1995,8131,Uptown,Bungalow,Y,368364.0
2,2568,3,1504,1,1978,15261,Rural,2Story,N,294449.0
1,3101,2,2463,1,1984,14612,Rural,Bungalow,N,288317.0
5,2944,3,732,1,1964,6537,Suburb,2Story,Y,347092.0
4,3172,1,1748,1,2009,15091,Rural,SplitLevel,Y,350275.0
10,604,0,423,2,1991,4335,Suburb,1Story,Y,279073.0
2,2739,1,1591,1,1992,6321,Downtown,Bungalow,Y,353028.0
3,516,2,389,2,1998,15254,Uptown,2Story,Y,203888.0
7,3691,2,341,1,2013,2559,Suburb,SplitLevel,Y,412066.0
7,892,2,945,3,1981,2713,Riverside,2Story,Y,325838.0
4,924,1,613,2,2013,6593,Suburb,1Story,Y,228088.0
5,2676,3,492,2,1951,17184,Suburb,Bungalow,N,373250.0
5,3701,1,191,2,1973,17261,Suburb,SplitLevel,Y,387877.0
6,1071,0,498,2,2015,2256,Downtown,2Story,Y,324542.0
9,4131,3,821,3,1987,16574,Suburb,SplitLevel,Y,536821.0
2,2576,2,1735,1,1980,2037,Suburb,2Story,Y,276149.0
5,1620,1,1256,2,1975,12264,Downtown,2Story,Y,314598.0
3,3581,2,1968,3,1978,14697,Suburb,1Story,Y,375902.0
4,741,2,226,2,2016,10652,Suburb,1Story,Y,202836.0
10,4397,0,1394,1,1974,17930,Uptown,2Story,Y,538917.0
6,2779,3,2186,2,1997,3832,Downtown,Bungalow,Y,423539.0
8,1288,0,816,3,2014,17517,Rural,SplitLevel,Y,266967.0
1,3855,0,1473,1,2002,7167,Uptown,SplitLevel,Y,363458.0
10,1214,0,1086,3,2016,2432,Suburb,1Story,Y,362568.0
8,1258,2,103,1,1967,6151,Riverside,Bungalow,N,304202.0
7,3349,0,1874,1,1958,16912,Uptown,2Story,Y,423419.0
1,1275,0,870,1,1987,8411,Uptown,1Story,N,210943.0
2,3273,3,667,2,1970,2256,Downtown,2Story,Y,350066.0
3,2747,3,2042,3,2014,2671,Uptown,2Story,Y,362633.0
1,3492,0,272,3,1970,2489,Uptown,1Story,Y,307722.0
9,578,3,1029,3,1976,8889,Suburb,Bungalow,Y,324132.0
8,4484,3,2231,1,2019,13906,Suburb,SplitLevel,Y,511258.0
2,3503,0,1051,2,1993,14603,Suburb,1Story,N,328025.0
9,4426,2,1573,1,1977,4460,Uptown,Bungalow,Y,536488.0
7,1355,0,292,3,1994,6529,Suburb,2Story,N,274677.0
9,3744,3,2224,2,1966,3975,Uptown,1Story,Y,502341.0
6,3014,2,2105,2,1989,5216,Downtown,SplitLevel,Y,421014.0
6,3128,1,1292,2,1952,16267,Uptown,SplitLevel,N,411591.0
4,1939,2,307,3,2015,11581,Suburb,2Story,Y,310081.0
10,3487,3,976,2,1995,6515,Suburb,1Story,Y,486857.0
10,2996,2,1251,2,1979,14048,Rural,SplitLevel,N,437307.0
2,2634,0,1270,1,2018,11776,Downtown,1Story,Y,317465.0
7,2648,1,1517,1,1958,4963,Downtown,SplitLevel,Y,388026.0
5,1531,1,2130,2,1960,8786,Suburb,2Story,N,289201.0
6,1344,1,1209,2,2018,15866,Suburb,2Story,Y,294063.0
2,3771,3,2299,1,2015,8200,Riverside,1Story,N,428592.0
5,4076,3,1378,1,1980,19360,Uptown,Bungalow,Y,450217.0
10,586,1,1773,1,1982,9345,Suburb,Bungalow,Y,329565.0
4,2590,2,1719,3,1988,2045,Downtown,2Story,Y,377551.0
9,3956,1,2042,3,1995,3193,Suburb,SplitLevel,Y,507632.0
6,4192,2,795,1,1986,6512,Uptown,Bungalow,Y,480279.0
2,4006,2,896,2,2009,18630,Suburb,2Story,Y,349602.0
1,907,3,1961,1,1980,10983,Downtown,SplitLevel,Y,245755.0
5,4054,2,209,3,1960,2636,Suburb,SplitLevel,Y,397003.0
9,3211,1,2494,2,1951,5775,Uptown,Bungalow,Y,487207.0
6,3588,3,967,3,1976,4421,Suburb,2Story,Y,425932.0
10,2168,0,471,2,1951,15025,Uptown,SplitLevel,Y,402372.0
7,647,0,2417,3,1970,11280,Suburb,SplitLevel,Y,273735.0
5,2824,3,922,2,2007,6183,Downtown,1Story,Y,394037.0
10,731,1,136,2,1954,13351,Suburb,1Story,Y,352124.0
6,4397,0,366,2,2001,19096,Suburb,Bungalow,Y,461996.0
5,2450,0,183,2,1994,7323,Downtown,1Story,Y,355383.0
9,865,2,1398,3,1969,14888,Downtown,2Story,Y,372289.0
6,3799,2,536,3,2010,5644,Downtown,Bungalow,Y,453297.0
8,2174,1,1602,2,1987,18142,Downtown,Bungalow,Y,441569.0
2,935,3,1273,2,1969,9773,Suburb,1Story,N,175689.0
9,898,1,1096,3,1974,12778,Riverside,SplitLevel,N,324916.0
5,1734,3,1305,2,1951,14501,Suburb,2Story,Y,307203.0
7,1914,0,915,2,1981,16409,Rural,2Story,Y,319658.0
10,3046,2,151,2,1975,4108,Suburb,2Story,N,432418.0
1,3087,1,1028,1,2019,5614,Suburb,Bungalow,Y,284373.0
10,1062,1,1218,2,1990,12251,Downtown,2Story,Y,394681.0
5,4062,3,1977,1,2016,13678,Suburb,SplitLevel,Y,460720.0
10,2989,3,270,2,1950,16367,Suburb,SplitLevel,Y,469396.0
2,1784,1,1186,3,2000,6332,Downtown,1Story,Y,288880.0
6,1272,3,459,1,1954,14002,Uptown,2Story,Y,327390.0
1,2897,1,104,1,1962,17700,Suburb,Bungalow,Y,259398.0
3,2537,1,1710,2,1968,15769,Suburb,1Story,Y,336169.0
5,3923,1,2209,2,1961,8963,Downtown,SplitLevel,N,456046.0
4,3067,0,2398,1,1997,9838,Rural,2Story,Y,322043.0
3,1843,3,433,3,1974,14399,Uptown,SplitLevel,Y,337847.0
10,2685,2,139,3,2006,14243,Suburb,1Story,Y,465265.0
5,2073,2,1494,2,1984,3845,Suburb,SplitLevel,Y,323377.0
8,4194,3,86,3,1954,15942,Suburb,2Story,Y,498993.0
4,1491,1,1711,3,1971,18766,Downtown,2Story,Y,309444.0
1,2915,2,2230,2,2006,6112,Rural,1Story,Y,273191.0
7,3791,2,2415,3,1996,14780,Rural,2Story,Y,482486.0
8,3908,3,128,2,2003,17690,Downtown,SplitLevel,Y,518007.0
3,1746,2,1269,1,1952,12088,Downtown,SplitLevel,Y,289805.0
6,4219,1,1601,2,2002,3509,Rural,Bungalow,Y,419609.0
2,4339,3,669,1,1980,14404,Suburb,Bungalow,Y,392912.0
7,859,1,148,1,2018,3578,Downtown,Bungalow,Y,287158.0
8,1420,2,984,3,1982,19263,Uptown,SplitLevel,Y,346792.0
6,2876,2,851,3,2021,16106,Suburb,SplitLevel,Y,426897.0
6,3509,1,1456,3,1999,11840,Suburb,1Story,Y,428917.0
5,3010,0,627,2,1965,14931,Suburb,Bungalow,Y,374459.0
8,3493,2,1492,3,1988,3359,Rural,SplitLevel,Y,402961.0
1,1462,0,2493,1,1995,6242,Suburb,1Story,N,181641.0
10,4132,2,2044,3,1996,18464,Riverside,SplitLevel,N,569505.0
4,2327,0,883,3,1993,4709,Uptown,1Story,Y,331271.0
4,3953,0,2341,2,1958,14791,Downtown,Bungalow,Y,429526.0
3,3383,0,1788,2,1999,19051,Suburb,Bungalow,Y,352224.0
3,2113,1,249,1,2009,5499,Suburb,Bungalow,Y,260723.0
4,2140,0,947,2,1964,13690,Suburb,SplitLevel,Y,280682.0
1,2716,0,974,3,1985,10080,Uptown,SplitLevel,Y,299641.0
2,716,0,1325,2,2012,3189,Rural,1Story,Y,142839.0
9,877,2,983,1,2018,15908,Downtown,2Story,Y,377934.0
10,618,0,888,3,1990,14751,Rural,2Story,Y,315368.0
2,689,2,2117,1,1973,16714,Downtown,Bungalow,Y,227943.0
5,3314,0,874,2,1998,3025,Uptown,2Story,Y,398459.0
9,869,0,1326,2,1967,2071,Rural,Bungalow,Y,240959.0
9,2301,1,470,1,1956,7546,Suburb,1Story,Y,374214.0
8,2696,2,1987,3,1953,4685,Suburb,2Story,Y,438237.0
1,4247,0,90,2,2018,11385,Uptown,2Story,Y,355001.0
1,1151,2,529,2,2009,12576,Uptown,Bungalow,Y,228117.0
9,2382,2,660,3,2004,4022,Suburb,1Story,Y,398137.0
8,2011,3,738,2,1965,17831,Suburb,2Story,Y,388392.0
10,1269,1,871,1,1978,14940,Rural,2Story,Y,288148.0
9,2921,1,1686,2,1972,19682,Downtown,2Story,Y,490930.0
7,1280,1,191,2,1963,6102,Downtown,1Story,Y,315204.0
3,2216,3,1986,3,1998,19288,Downtown,1Story,Y,400102.0
3,2707,3,2185,1,1982,5026,Downtown,2Story,N,376603.0
2,2898,1,344,3,1974,8709,Suburb,Bungalow,Y,288115.0
5,4483,3,1008,2,1970,7969,Riverside,Bungalow,Y,472699.0
3,1811,3,202,2,1966,4620,Rural,2Story,Y,196683.0
6,3859,3,572,3,1972,4646,Downtown,1Story,N,482915.0
2,3439,1,191,3,2006,6865,Suburb,2Story,Y,334430.0
3,1749,1,2052,3,2007,4289,Suburb,1Story,Y,254855.0
5,1022,1,1913,1,1963,9370,Downtown,2Story,Y,295115.0
1,1021,3,1716,2,1969,15854,Riverside,1Story,N,228791.0
1,1282,1,310,3,1979,11677,Suburb,SplitLevel,Y,177316.0
10,2820,3,2103,2,1968,13343,Riverside,Bungalow,Y,498027.0
9,1435,0,442,1,2002,19824,Suburb,SplitLevel,Y,326984.0
7,3973,3,1260,1,2005,2765,Rural,Bungalow,Y,411294.0
1,2730,2,869,1,1972,14671,Downtown,1Story,N,294936.0
8,2188,1,584,1,2011,18158,Suburb,SplitLevel,Y,378131.0
3,987,1,1594,2,1982,6092,Suburb,Bungalow,Y,233828.0
8,2350,2,1537,1,1967,14975,Uptown,2Story,N,407600.0
5,1345,3,359,1,2022,11341,Uptown,1Story,N,307838.0
1,2671,0,1723,3,1982,14334,Uptown,1Story,Y,319197.0
7,3532,2,2077,1,1981,18077,Uptown,2Story,Y,465685.0
5,4197,2,1802,3,2010,17835,Uptown,2Story,Y,508244.0
6,3337,3,2011,1,2003,4666,Suburb,Bungalow,Y,436685.0
6,2961,1,2155,1,1966,7968,Suburb,1Story,N,402834.0
8,2503,3,843,3,1968,9641,Rural,Bungalow,N,372546.0
9,2248,2,1625,1,2019,11834,Rural,2Story,Y,371071.0
2,3743,2,890,2,1983,5888,Uptown,1Story,N,352086.0
9,3859,1,1991,2,1974,2840,Suburb,2Story,Y,458737.0
10,4006,1,1982,1,2017,15873,Downtown,Bungalow,Y,580537.0
9,1185,1,959,2,1960,12846,Riverside,Bungalow,Y,369434.0
10,2660,3,1468,3,1965,7899,Rural,Bungalow,N,384141.0
10,3435,1,1461,1,2010,2565,Downtown,1Story,Y,534436.0
7,4488,2,731,1,1956,8005,Uptown,2Story,Y,491726.0
1,2669,2,605,3,1965,11156,Riverside,2Story,N,265980.0
7,2067,0,614,3,1965,12474,Downtown,Bungalow,Y,373026.0
10,1745,3,2004,3,1989,11187,Uptown,Bungalow,Y,434871.0
5,4202,0,1719,1,1961,9226,Riverside,Bungalow,N,431235.0
6,538,2,673,3,1984,11379,Riverside,Bungalow,Y,271269.0
10,3044,0,1270,3,1970,7890,Riverside,SplitLevel,N,461595.0
7,1279,2,1587,2,1999,15113,Suburb,SplitLevel,N,313670.0
5,1756,0,1611,2,1992,6311,Suburb,SplitLevel,Y,281267.0
7,3490,1,896,1,1966,13446,Downtown,Bungalow,Y,457366.0
9,4101,0,1462,2,1981,10848,Downtown,Bungalow,Y,521826.0
3,2696,1,277,2,1990,8083,Suburb,2Story,Y,295180.0
8,3968,1,551,3,1955,14598,Suburb,1Story,Y,471452.0
2,3569,3,1636,3,1976,18940,Downtown,2Story,Y,418890.0
7,3208,1,2158,2,1969,4580,Suburb,SplitLevel,Y,436497.0
2,4209,1,2432,2,1974,15844,Downtown,2Story,Y,440318.0
4,2427,0,760,2,2015,11553,Uptown,Bungalow,Y,326281.0
7,801,2,1449,1,1958,11386,Suburb,SplitLevel,Y,272038.0
3,3931,3,404,1,2002,16635,Rural,SplitLevel,Y,376437.0
2,2785,1,1358,1,2010,2671,Suburb,1Story,Y,281733.0
10,1146,3,1232,2,1987,2777,Downtown,1Story,Y,415753.0
7,1162,0,21,2,1952,5022,Riverside,SplitLevel,Y,267910.0
1,2783,1,677,1,2019,15817,Suburb,SplitLevel,Y,323262.0
8,2259,0,2028,1,2004,16260,Suburb,2Story,Y,384488.0
3,2750,3,1231,2,1950,3074,Downtown,SplitLevel,Y,367609.0
2,755,0,2055,3,2019,11908,Suburb,Bungalow,Y,223841.0
3,1097,3,1808,1,1994,11475,Downtown,2Story,Y,280201.0
5,1161,0,528,2,1996,14878,Suburb,Bungalow,Y,260387.0
8,734,3,2037,2,1975,17120,Suburb,Bungalow,Y,344414.0
10,1868,2,1676,3,1963,3986,Riverside,Bungalow,Y,413160.0
7,3081,0,656,2,2003,12825,Rural,SplitLevel,Y,372137.0
7,3407,0,165,2,2020,11193,Downtown,1Story,Y,458926.0
7,4368,2,848,1,1995,19430,Downtown,1Story,N,523515.0
8,4352,2,495,1,1980,4176,Suburb,Bungalow,Y,465236.0
1,4037,0,589,3,2008,12047,Downtown,SplitLevel,Y,374153.0
4,1269,2,428,3,1978,18884,Downtown,2Story,N,289770.0
6,3088,1,162,2,1966,6608,Uptown,Bungalow,Y,393479.0
9,712,3,2413,1,1963,13906,Downtown,2Story,Y,369872.0
2,962,3,1262,3,1985,9234,Uptown,2Story,Y,250383.0
1,2983,3,71,3,2007,8610,Downtown,SplitLevel,Y,311063.0
10,782,1,654,3,1973,12524,Riverside,SplitLevel,Y,353695.0
2,4133,2,268,2,2012,18984,Rural,1Story,Y,367028.0
7,4178,2,1776,1,1974,15411,Uptown,1Story,Y,535041.0
3,1986,0,2462,3,2008,11180,Downtown,SplitLevel,Y,354519.0
10,1930,2,1268,1,1981,17225,Riverside,Bungalow,Y,418629.0
2,587,0,1015,3,1967,12073,Uptown,1Story,Y,167776.0
7,1567,1,1083,3,1986,6483,Rural,2Story,Y,300082.0
2,960,3,5,1,1975,7901,Suburb,Bungalow,Y,175343.0
3,2825,3,981,1,1958,8129,Uptown,2Story,Y,340600.0
7,4254,3,406,1,2013,12415,Downtown,SplitLevel,Y,501810.0
4,2968,2,1953,2,2021,6482,Rural,2Story,Y,342725.0
1,2224,0,2073,3,1969,11686,Uptown,Bungalow,Y,258509.0
5,1876,0,985,2,2003,9400,Suburb,SplitLevel,Y,279187.0
9,3243,1,389,1,1979,8806,Downtown,Bungalow,Y,441245.0
8,1014,2,709,3,2002,12516,Suburb,2Story,Y,338416.0
9,1202,1,1471,2,2012,9396,Uptown,Bungalow,Y,358815.0
10,2153,0,753,3,1960,9338,Downtown,SplitLevel,Y,445151.0
9,2566,0,2193,2,1980,11950,Suburb,2Story,Y,413653.0
7,522,3,1411,1,1998,14500,Downtown,2Story,Y,357519.0
4,2960,2,1272,2,1968,13545,Uptown,1Story,Y,346725.0
5,1553,0,525,3,1961,7241,Downtown,1Story,Y,300441.0
1,2330,3,1485,3,1964,6695,Rural,Bungalow,N,238671.0
1,2655,2,2060,3,1980,13530,Suburb,1Story,Y,293348.0
3,3938,1,2431,3,1992,16312,Uptown,1Story,Y,436014.0
8,1804,2,555,1,1986,16318,Riverside,1Story,Y,363678.0
2,3699,2,18,2,1978,13324,Downtown,1Story,Y,376938.0
4,3800,0,574,1,1975,5218,Suburb,SplitLevel,Y,338761.0
2,1634,0,1003,1,1951,6016,Uptown,SplitLevel,Y,226634.0
5,2683,2,2466,1,1964,4837,Suburb,1Story,Y,363136.0
9,861,0,2466,3,1953,18312,Suburb,Bungalow,Y,357731.0
1,3757,0,1938,3,1999,9034,Uptown,SplitLevel,Y,357711.0
5,4227,0,1939,3,1987,9309,Riverside,1Story,Y,454189.0
9,4155,3,1635,2,1972,16379,Rural,SplitLevel,Y,525025.0
1,2676,3,1698,3,2008,6239,Suburb,2Story,Y,298308.0
9,2399,2,2169,2,1977,14128,Suburb,SplitLevel,Y,415730.0
8,1784,0,431,3,2015,17856,Downtown,SplitLevel,Y,381560.0
4,1014,3,2091,3,1957,11611,Uptown,Bungalow,Y,268467.0
10,948,2,1895,1,1978,6150,Uptown,SplitLevel,N,387758.0
5,2423,0,1943,1,1960,13109,Riverside,Bungalow,Y,340547.0
5,3675,1,1340,1,1967,3446,Downtown,2Story,Y,414097.0
6,2006,0,2428,2,2004,13936,Rural,1Story,Y,337132.0
7,1747,0,144,2,1999,13036,Suburb,Bungalow,Y,300336.0
8,2355,3,2410,3,1963,8468,Suburb,SplitLevel,N,413088.0
8,1373,2,1073,2,1958,16021,Uptown,SplitLevel,N,338127.0
2,4437,2,1088,3,1960,6175,Downtown,Bungalow,Y,399732.0
9,4062,3,2402,2,2012,17390,Rural,2Story,Y,527896.0
7,3020,0,799,2,2016,7080,Rural,1Story,Y,375886.0
4,3581,1,1151,2,2002,17471,Riverside,SplitLevel,Y,410971.0
4,1928,0,2445,1,1988,16893,Uptown,2Story,Y,342476.0
8,4467,0,1956,2,2005,19248,Uptown,1Story,Y,529740.0
4,2849,1,462,1,1977,18009,Suburb,1Story,Y,315738.0
6,2778,3,1774,1,1988,8217,Downtown,SplitLevel,Y,407581.0
5,2254,2,2045,2,1974,7672,Suburb,Bungalow,N,341076.0
3,1422,3,807,3,1970,3502,Suburb,SplitLevel,Y,240839.0
10,3637,3,186,3,1959,3410,Rural,SplitLevel,Y,442244.0
2,3484,0,1743,3,1992,5770,Rural,SplitLevel,Y,322770.0
9,2659,2,731,2,1964,12097,Suburb,2Story,Y,408116.0
10,1536,2,1935,3,1997,6001,Suburb,Bungalow,Y,419477.0
9,1916,3,1213,1,1970,2598,Downtown,2Story,Y,412072.0
1,3047,1,1411,3,2009,12976,Rural,SplitLevel,Y,283477.0
10,3479,3,428,2,1999,8391,Rural,Bungalow,Y,432917.0
3,3145,1,1307,3,1972,18450,Rural,1Story,Y,335339.0
8,2781,2,2284,1,1962,16908,Suburb,Bungalow,Y,438841.0
6,3149,3,1217,2,2018,13590,Suburb,SplitLevel,Y,430286.0
5,813,0,1310,3,1953,18279,Uptown,Bungalow,Y,273678.0
5,3113,3,770,2,2021,4750,Uptown,1Story,Y,396104.0
6,3583,2,757,2,1958,11916,Suburb,1Story,Y,408208.0
7,2756,0,135,2,1984,8806,Rural,Bungalow,Y,318811.0
1,2497,0,791,3,1970,8429,Suburb,1Story,Y,267549.0
9,1537,1,170,2,2007,10123,Uptown,2Story,Y,359093.0
3,2156,0,2206,3,1967,8452,Uptown,Bungalow,Y,304189.0
4,3989,0,2248,1,2021,19158,Rural,1Story,Y,421173.0
10,4008,3,1580,3,1992,17456,Suburb,1Story,Y,574974.0
1,3948,2,961,1,1955,6019,Suburb,Bungalow,Y,331434.0
10,3591,1,875,3,2016,14419,Rural,2Story,Y,472485.0
3,3134,3,2418,2,1961,2929,Rural,Bungalow,Y,325730.0
2,4483,0,102,3,1961,8264,Rural,1Story,Y,328641.0
2,2278,0,1001,2,2015,9973,Rural,Bungalow,Y,224649.0
1,4306,1,1148,1,1951,11697,Downtown,1Story,Y,391886.0
8,1514,2,1481,3,1964,13136,Riverside,SplitLevel,Y,397582.0
3,1593,1,657,2,1972,3184,Uptown,Bungalow,N,247570.0
3,4395,3,1220,1,1978,18911,Suburb,Bungalow,Y,412343.0
6,3782,1,422,1,1956,2916,Rural,1Story,Y,361451.0
8,1624,0,170,3,1977,5574,Downtown,1Story,Y,350099.0
9,1197,3,2220,1,1963,5319,Downtown,1Story,N,389808.0
9,2679,0,452,2,1993,19790,Suburb,1Story,N,392676.0
4,4194,2,2397,1,1979,19625,Rural,Bungalow,Y,421798.0
5,1904,0,1975,1,1981,7206,Riverside,1Story,Y,327575.0
2,1655,0,1657,2,2019,19182,Rural,Bungalow,N,207588.0
9,1543,1,2053,1,1955,19907,Suburb,2Story,Y,366549.0
8,2429,0,287,1,1976,6928,Suburb,Bungalow,Y,342209.0
3,3083,3,1641,1,1973,18105,Downtown,1Story,Y,412418.0
9,1513,3,1447,1,1983,4888,Downtown,1Story,Y,415599.0
3,726,2,1913,2,1989,4690,Uptown,2Story,Y,212198.0
9,3725,3,607,1,1996,6091,Riverside,Bungalow,Y,503914.0
2,2328,1,456,2,1973,15960,Suburb,2Story,Y,282684.0
10,4313,2,1764,1,2014,2690,Rural,Bungalow,Y,525450.0
9,1992,3,1225,1,1967,3495,Riverside,1Story,Y,385458.0
8,1321,1,1235,1,1993,13085,Downtown,Bungalow,Y,359435.0
9,2523,3,1029,1,2006,19276,Uptown,1Story,Y,435548.0
5,1370,3,2423,2,1977,12720,Rural,1Story,Y,258566.0
2,2952,0,446,2,2020,7873,Rural,SplitLevel,Y,256667.0
8,2749,3,834,2,1972,6503,Suburb,SplitLevel,N,400377.0
6,2585,3,810,3,1983,13720,Rural,Bungalow,Y,355507.0
8,3489,1,1424,1,1960,15964,Uptown,1Story,Y,477638.0
5,2295,1,1411,1,1984,2897,Downtown,2Story,Y,393908.0
10,687,0,958,2,1991,19094,Suburb,1Story,Y,323946.0
2,1580,3,1475,3,1977,5695,Downtown,2Story,Y,274209.0
6,1440,0,808,1,1973,4686,Riverside,Bungalow,N,277481.0
5,3591,3,978,2,1957,7778,Suburb,Bungalow,Y,403166.0
5,2820,2,2463,1,2002,17150,Uptown,2Story,Y,410067.0
1,3690,2,725,1,2021,18799,Suburb,2Story,Y,361611.0
2,3130,0,1216,2,1953,11663,Downtown,1Story,Y,325685.0
8,3063,0,2197,2,1954,6180,Downtown,Bungalow,Y,451946.0
3,3792,0,1903,1,1998,6262,Suburb,1Story,Y,368349.0
10,1025,1,778,1,1979,4515,Suburb,2Story,Y,307192.0
3,4086,1,972,2,2021,13236,Rural,SplitLevel,N,336678.0
8,4299,1,1538,1,2012,16104,Downtown,SplitLevel,Y,546245.0
8,4312,0,1416,1,1996,8616,Suburb,SplitLevel,Y,501735.0
2,835,3,2123,2,1975,19376,Suburb,2Story,Y,254363.0
8,3245,2,598,1,2006,6370,Rural,1Story,Y,409207.0
1,1578,0,224,1,1986,5816,Uptown,Bungalow,Y,181810.0
6,3047,1,1553,3,1956,3756,Rural,2Story,Y,355290.0
8,3447,1,2160,2,1989,4373,Riverside,SplitLevel,Y,449682.0
3,4459,0,2298,3,1988,4576,Downtown,1Story,N,452003.0
8,3313,0,840,3,2011,6184,Suburb,Bungalow,Y,450423.0
1,3083,1,1814,3,2002,4397,Suburb,Bungalow,Y,335338.0
9,661,3,713,1,1953,14674,Suburb,2Story,N,329983.0
9,4241,1,1106,1,1974,12326,Rural,2Story,Y,481902.0
5,1093,1,124,3,1956,12546,Suburb,Bungalow,Y,248350.0
10,2438,0,1092,3,1977,6535,Suburb,Bungalow,Y,425953.0
4,2706,3,1279,3,2018,16599,Suburb,SplitLevel,Y,387917.0
6,3759,1,1750,1,2016,11168,Riverside,Bungalow,Y,443188.0
7,559,1,29,3,1969,19118,Riverside,2Story,Y,251972.0
5,3462,2,2328,3,1960,2632,Suburb,1Story,Y,424159.0
10,4388,0,2017,2,2016,15280,Downtown,SplitLevel,Y,622800.0
9,3890,2,2415,2,1956,16746,Uptown,SplitLevel,Y,555029.0
3,2401,2,494,1,1972,6268,Riverside,Bungalow,Y,261606.0
7,2758,1,1609,2,2010,17321,Suburb,1Story,Y,407062.0
10,905,0,717,2,2020,12207,Suburb,SplitLevel,Y,332475.0
10,1163,3,1016,2,1983,7591,Riverside,2Story,N,343731.0
5,1632,1,1337,1,1968,18226,Uptown,Bungalow,N,284586.0
7,1599,3,605,2,2007,3054,Suburb,2Story,Y,326170.0
2,1041,3,374,1,1958,10572,Rural,Bungalow,Y,164918.0
4,1837,0,1960,3,1997,15579,Riverside,SplitLevel,Y,308913.0
2,1497,2,1048,2,1990,12583,Uptown,Bungalow,Y,238825.0
7,1640,0,1357,1,1997,10007,Uptown,1Story,Y,355350.0
2,3474,3,115,2,1994,17903,Uptown,2Story,Y,362687.0
1,1367,1,2095,3,1974,11784,Downtown,1Story,Y,259370.0
9,4275,3,1801,1,1974,6261,Uptown,2Story,Y,533536.0
1,2566,1,2146,1,1968,4389,Suburb,2Story,Y,256466.0
8,931,1,1482,1,1988,15939,Riverside,Bungalow,Y,348695.0
2,4256,0,1546,3,1976,13219,Suburb,SplitLevel,Y,374432.0
8,1239,3,1620,3,2012,11399,Riverside,SplitLevel,Y,383939.0
3,1873,2,2452,3,2017,2544,Suburb,1Story,N,299102.0
6,682,3,684,1,1968,4239,Suburb,Bungalow,Y,213726.0
3,2660,3,1471,3,1977,12559,Downtown,SplitLevel,Y,381273.0
7,1706,2,1599,2,1982,4627,Rural,2Story,Y,285191.0
10,3028,0,2305,3,1959,8618,Uptown,2Story,Y,496799.0
9,1669,3,2168,1,1979,14123,Uptown,Bungalow,Y,401243.0
2,1330,3,809,2,1971,8780,Suburb,1Story,Y,231630.0
5,2151,1,977,3,1952,10015,Downtown,Bungalow,Y,340025.0
